trial,target_g,time_s,raw,voltage
1,25,0.000,288,0.0145
1,25,0.080,336,0.0169
1,25,0.132,256,0.0129
1,25,0.184,416,0.0209
1,25,0.235,320,0.0161
1,25,0.286,896,0.0451
1,25,0.338,320,0.0161
1,25,0.389,720,0.0363
1,25,0.440,320,0.0161
1,25,0.491,576,0.0290
1,25,0.542,256,0.0129
1,25,0.593,320,0.0161
1,25,0.644,192,0.0097
1,25,0.695,320,0.0161
1,25,0.746,1184,0.0596
1,25,0.798,336,0.0169
1,25,0.849,720,0.0363
1,25,0.900,336,0.0169
1,25,0.952,432,0.0218
1,25,1.003,320,0.0161
1,25,1.054,336,0.0169
1,25,1.105,336,0.0169
1,25,1.156,336,0.0169
1,25,1.207,704,0.0354
1,25,1.258,256,0.0129
1,25,1.309,704,0.0354
1,25,1.360,288,0.0145
1,25,1.411,464,0.0234
1,25,1.463,320,0.0161
1,25,1.514,320,0.0161
1,25,1.565,368,0.0185
1,25,1.617,176,0.0089
1,25,1.668,736,0.0371
1,25,1.719,320,0.0161
1,25,1.771,576,0.0290
1,25,1.822,320,0.0161
1,25,1.873,288,0.0145
1,25,1.925,400,0.0201
1,25,1.976,320,0.0161
1,25,2.027,800,0.0403
1,25,2.079,320,0.0161
1,25,2.130,688,0.0346
1,25,2.184,304,0.0153
1,25,2.236,320,0.0161
1,25,2.287,768,0.0387
1,25,2.338,336,0.0169
1,25,2.390,672,0.0338
1,25,2.441,384,0.0193
1,25,2.492,416,0.0209
1,25,2.544,320,0.0161
1,25,2.595,336,0.0169
1,25,2.646,416,0.0209
1,25,2.698,336,0.0169
1,25,2.749,848,0.0427
1,25,2.800,320,0.0161
1,25,2.851,272,0.0137
1,25,2.903,400,0.0201
1,25,2.954,320,0.0161
2,25,0.000,448,0.0226
2,25,0.083,336,0.0169
2,25,0.135,752,0.0379
2,25,0.187,320,0.0161
2,25,0.238,816,0.0411
2,25,0.289,320,0.0161
2,25,0.340,464,0.0234
2,25,0.391,336,0.0169
2,25,0.442,320,0.0161
2,25,0.493,320,0.0161
2,25,0.544,320,0.0161
2,25,0.595,736,0.0371
2,25,0.646,336,0.0169
2,25,0.697,720,0.0363
2,25,0.748,256,0.0129
2,25,0.799,592,0.0298
2,25,0.850,320,0.0161
2,25,0.901,320,0.0161
2,25,0.952,320,0.0161
2,25,1.004,320,0.0161
2,25,1.055,720,0.0363
2,25,1.106,464,0.0234
2,25,1.158,752,0.0379
2,25,1.209,320,0.0161
2,25,1.260,432,0.0218
2,25,1.312,320,0.0161
2,25,1.363,336,0.0169
2,25,1.414,784,0.0395
2,25,1.466,320,0.0161
2,25,1.517,736,0.0371
2,25,1.571,336,0.0169
2,25,1.623,320,0.0161
2,25,1.674,336,0.0169
2,25,1.725,320,0.0161
2,25,1.776,784,0.0395
2,25,1.827,304,0.0153
2,25,1.879,640,0.0322
2,25,1.930,336,0.0169
2,25,1.981,320,0.0161
2,25,2.032,352,0.0177
2,25,2.084,320,0.0161
2,25,2.135,704,0.0354
2,25,2.186,320,0.0161
2,25,2.238,688,0.0346
2,25,2.289,336,0.0169
2,25,2.340,432,0.0218
2,25,2.392,320,0.0161
2,25,2.443,320,0.0161
2,25,2.494,304,0.0153
2,25,2.545,288,0.0145
2,25,2.596,768,0.0387
2,25,2.647,320,0.0161
2,25,2.699,688,0.0346
2,25,2.750,336,0.0169
2,25,2.801,336,0.0169
2,25,2.852,336,0.0169
2,25,2.904,320,0.0161
2,25,2.955,800,0.0403
3,25,0.001,336,0.0169
3,25,0.092,624,0.0314
3,25,0.144,320,0.0161
3,25,0.195,320,0.0161
3,25,0.246,336,0.0169
3,25,0.298,320,0.0161
3,25,0.349,768,0.0387
3,25,0.400,288,0.0145
3,25,0.452,592,0.0298
3,25,0.503,320,0.0161
3,25,0.554,400,0.0201
3,25,0.606,320,0.0161
3,25,0.657,320,0.0161
3,25,0.708,384,0.0193
3,25,0.760,320,0.0161
3,25,0.811,784,0.0395
3,25,0.862,336,0.0169
3,25,0.913,448,0.0226
3,25,0.965,320,0.0161
3,25,1.019,336,0.0169
3,25,1.071,736,0.0371
3,25,1.122,320,0.0161
3,25,1.173,608,0.0306
3,25,1.225,320,0.0161
3,25,1.276,512,0.0258
3,25,1.327,320,0.0161
3,25,1.379,304,0.0153
3,25,1.430,736,0.0371
3,25,1.481,336,0.0169
3,25,1.532,576,0.0290
3,25,1.583,320,0.0161
3,25,1.634,352,0.0177
3,25,1.685,320,0.0161
3,25,1.736,304,0.0153
3,25,1.787,288,0.0145
3,25,1.838,320,0.0161
3,25,1.889,656,0.0330
3,25,1.940,336,0.0169
3,25,1.991,688,0.0346
3,25,2.043,320,0.0161
3,25,2.094,416,0.0209
3,25,2.145,288,0.0145
3,25,2.197,320,0.0161
3,25,2.248,1408,0.0709
3,25,2.299,320,0.0161
3,25,2.351,784,0.0395
3,25,2.402,320,0.0161
3,25,2.453,512,0.0258
3,25,2.505,320,0.0161
3,25,2.556,336,0.0169
3,25,2.607,336,0.0169
3,25,2.659,320,0.0161
3,25,2.710,720,0.0363
3,25,2.761,320,0.0161
3,25,2.812,0,0.0000
3,25,2.863,320,0.0161
3,25,2.915,416,0.0209
3,25,2.966,320,0.0161
4,50,0.000,432,0.0218
4,50,0.095,320,0.0161
4,50,0.147,1248,0.0628
4,50,0.198,320,0.0161
4,50,0.249,720,0.0363
4,50,0.301,336,0.0169
4,50,0.352,464,0.0234
4,50,0.437,336,0.0169
4,50,0.489,736,0.0371
4,50,0.540,208,0.0105
4,50,0.591,576,0.0290
4,50,0.643,304,0.0153
4,50,0.694,240,0.0121
4,50,0.745,192,0.0097
4,50,0.797,336,0.0169
4,50,0.848,816,0.0411
4,50,0.899,320,0.0161
4,50,0.951,688,0.0346
4,50,1.002,352,0.0177
4,50,1.053,304,0.0153
4,50,1.105,320,0.0161
4,50,1.156,320,0.0161
4,50,1.207,576,0.0290
4,50,1.259,224,0.0113
4,50,1.310,736,0.0371
4,50,1.361,336,0.0169
4,50,1.412,608,0.0306
4,50,1.463,320,0.0161
4,50,1.514,336,0.0169
4,50,1.566,320,0.0161
4,50,1.617,320,0.0161
4,50,1.668,720,0.0363
4,50,1.719,320,0.0161
4,50,1.770,720,0.0363
4,50,1.821,448,0.0226
4,50,1.872,480,0.0242
4,50,1.924,320,0.0161
4,50,1.975,384,0.0193
4,50,2.026,320,0.0161
4,50,2.078,320,0.0161
4,50,2.129,800,0.0403
4,50,2.180,336,0.0169
4,50,2.232,624,0.0314
4,50,2.283,320,0.0161
4,50,2.334,320,0.0161
4,50,2.385,480,0.0242
4,50,2.436,320,0.0161
4,50,2.487,320,0.0161
4,50,2.538,304,0.0153
4,50,2.589,768,0.0387
4,50,2.640,320,0.0161
4,50,2.692,528,0.0266
4,50,2.743,464,0.0234
4,50,2.797,336,0.0169
4,50,2.849,768,0.0387
4,50,2.900,320,0.0161
4,50,2.951,704,0.0354
5,50,0.000,304,0.0153
5,50,0.083,416,0.0209
5,50,0.135,336,0.0169
5,50,0.187,672,0.0338
5,50,0.238,320,0.0161
5,50,0.289,672,0.0338
5,50,0.341,320,0.0161
5,50,0.392,544,0.0274
5,50,0.443,992,0.0500
5,50,0.494,288,0.0145
5,50,0.545,768,0.0387
5,50,0.596,288,0.0145
5,50,0.647,720,0.0363
5,50,0.698,320,0.0161
5,50,0.749,352,0.0177
5,50,0.801,480,0.0242
5,50,0.852,320,0.0161
5,50,0.903,320,0.0161
5,50,0.954,320,0.0161
5,50,1.005,752,0.0379
5,50,1.056,320,0.0161
5,50,1.107,720,0.0363
5,50,1.158,336,0.0169
5,50,1.209,432,0.0218
5,50,1.261,320,0.0161
5,50,1.312,320,0.0161
5,50,1.363,304,0.0153
5,50,1.414,320,0.0161
5,50,1.465,816,0.0411
5,50,1.516,320,0.0161
5,50,1.567,736,0.0371
5,50,1.618,304,0.0153
5,50,1.669,464,0.0234
5,50,1.721,336,0.0169
5,50,1.772,320,0.0161
5,50,1.823,320,0.0161
5,50,1.874,336,0.0169
5,50,1.926,784,0.0395
5,50,1.977,320,0.0161
5,50,2.028,592,0.0298
5,50,2.080,304,0.0153
5,50,2.131,304,0.0153
5,50,2.182,464,0.0234
5,50,2.236,320,0.0161
5,50,2.288,624,0.0314
5,50,2.339,400,0.0201
5,50,2.390,432,0.0218
5,50,2.441,320,0.0161
5,50,2.492,320,0.0161
5,50,2.544,336,0.0169
5,50,2.595,144,0.0073
5,50,2.646,752,0.0379
5,50,2.697,320,0.0161
5,50,2.748,544,0.0274
5,50,2.799,384,0.0193
5,50,2.850,432,0.0218
5,50,2.901,320,0.0161
5,50,2.952,304,0.0153
6,50,0.000,336,0.0169
6,50,0.093,528,0.0266
6,50,0.145,320,0.0161
6,50,0.196,640,0.0322
6,50,0.247,320,0.0161
6,50,0.298,480,0.0242
6,50,0.349,320,0.0161
6,50,0.400,336,0.0169
6,50,0.451,288,0.0145
6,50,0.502,336,0.0169
6,50,0.553,672,0.0338
6,50,0.605,320,0.0161
6,50,0.656,688,0.0346
6,50,0.707,416,0.0209
6,50,0.759,448,0.0226
6,50,0.810,656,0.0330
6,50,0.861,320,0.0161
6,50,0.913,320,0.0161
6,50,0.964,336,0.0169
6,50,1.015,736,0.0371
6,50,1.067,304,0.0153
6,50,1.118,480,0.0242
6,50,1.169,320,0.0161
6,50,1.221,320,0.0161
6,50,1.272,320,0.0161
6,50,1.323,336,0.0169
6,50,1.374,832,0.0419
6,50,1.425,336,0.0169
6,50,1.476,736,0.0371
6,50,1.528,320,0.0161
6,50,1.579,352,0.0177
6,50,1.630,304,0.0153
6,50,1.684,288,0.0145
6,50,1.736,768,0.0387
6,50,1.787,336,0.0169
6,50,1.839,416,0.0209
6,50,1.890,288,0.0145
6,50,1.941,320,0.0161
6,50,1.993,304,0.0153
6,50,2.044,320,0.0161
6,50,2.095,752,0.0379
6,50,2.146,320,0.0161
6,50,2.197,560,0.0282
6,50,2.248,288,0.0145
6,50,2.300,352,0.0177
6,50,2.351,320,0.0161
6,50,2.402,320,0.0161
6,50,2.453,864,0.0435
6,50,2.505,320,0.0161
6,50,2.556,1024,0.0516
6,50,2.607,320,0.0161
6,50,2.659,496,0.0250
6,50,2.710,288,0.0145
6,50,2.761,320,0.0161
6,50,2.812,144,0.0073
6,50,2.863,320,0.0161
6,50,2.914,672,0.0338
6,50,2.966,320,0.0161
7,75,0.000,912,0.0459
7,75,0.098,320,0.0161
7,75,0.150,320,0.0161
7,75,0.201,752,0.0379
7,75,0.252,320,0.0161
7,75,0.303,720,0.0363
7,75,0.354,256,0.0129
7,75,0.405,480,0.0242
7,75,0.456,320,0.0161
7,75,0.507,320,0.0161
7,75,0.558,320,0.0161
7,75,0.609,320,0.0161
7,75,0.660,784,0.0395
7,75,0.712,320,0.0161
7,75,0.763,720,0.0363
7,75,0.814,320,0.0161
7,75,0.865,480,0.0242
7,75,0.917,320,0.0161
7,75,0.968,304,0.0153
7,75,1.019,320,0.0161
7,75,1.103,736,0.0371
7,75,1.155,320,0.0161
7,75,1.206,448,0.0226
7,75,1.257,352,0.0177
7,75,1.308,320,0.0161
7,75,1.359,336,0.0169
7,75,1.410,304,0.0153
7,75,1.461,944,0.0475
7,75,1.512,560,0.0282
7,75,1.564,816,0.0411
7,75,1.615,320,0.0161
7,75,1.666,352,0.0177
7,75,1.718,336,0.0169
7,75,1.769,304,0.0153
7,75,1.820,320,0.0161
7,75,1.871,336,0.0169
7,75,1.922,816,0.0411
7,75,1.973,320,0.0161
7,75,2.025,704,0.0354
7,75,2.076,320,0.0161
7,75,2.127,304,0.0153
7,75,2.178,320,0.0161
7,75,2.229,320,0.0161
7,75,2.280,320,0.0161
7,75,2.331,320,0.0161
7,75,2.383,736,0.0371
7,75,2.434,320,0.0161
7,75,2.485,640,0.0322
7,75,2.537,320,0.0161
7,75,2.588,304,0.0153
7,75,2.639,320,0.0161
7,75,2.691,320,0.0161
7,75,2.742,464,0.0234
7,75,2.793,320,0.0161
7,75,2.845,704,0.0354
7,75,2.896,304,0.0153
7,75,2.947,464,0.0234
7,75,2.998,320,0.0161
8,75,0.001,176,0.0089
8,75,0.084,320,0.0161
8,75,0.136,512,0.0258
8,75,0.187,320,0.0161
8,75,0.238,336,0.0169
8,75,0.290,320,0.0161
8,75,0.341,336,0.0169
8,75,0.392,784,0.0395
8,75,0.446,320,0.0161
8,75,0.498,336,0.0169
8,75,0.550,320,0.0161
8,75,0.601,336,0.0169
8,75,0.652,688,0.0346
8,75,0.703,384,0.0193
8,75,0.754,752,0.0379
8,75,0.805,320,0.0161
8,75,0.857,448,0.0226
8,75,0.908,304,0.0153
8,75,0.959,304,0.0153
8,75,1.010,672,0.0338
8,75,1.061,320,0.0161
8,75,1.112,464,0.0234
8,75,1.163,432,0.0218
8,75,1.215,752,0.0379
8,75,1.266,512,0.0258
8,75,1.317,480,0.0242
8,75,1.369,144,0.0073
8,75,1.420,320,0.0161
8,75,1.471,320,0.0161
8,75,1.523,400,0.0201
8,75,1.574,768,0.0387
8,75,1.625,320,0.0161
8,75,1.677,560,0.0282
8,75,1.728,320,0.0161
8,75,1.779,320,0.0161
8,75,1.831,320,0.0161
8,75,1.882,320,0.0161
8,75,1.933,720,0.0363
8,75,1.985,320,0.0161
8,75,2.036,656,0.0330
8,75,2.087,320,0.0161
8,75,2.138,480,0.0242
8,75,2.189,320,0.0161
8,75,2.240,320,0.0161
8,75,2.291,496,0.0250
8,75,2.342,336,0.0169
8,75,2.393,848,0.0427
8,75,2.444,320,0.0161
8,75,2.495,784,0.0395
8,75,2.546,320,0.0161
8,75,2.597,608,0.0306
8,75,2.648,320,0.0161
8,75,2.699,336,0.0169
8,75,2.751,304,0.0153
8,75,2.802,320,0.0161
8,75,2.856,720,0.0363
8,75,2.908,320,0.0161
8,75,2.959,352,0.0177
9,75,0.001,304,0.0153
9,75,0.090,320,0.0161
9,75,0.142,336,0.0169
9,75,0.193,272,0.0137
9,75,0.245,336,0.0169
9,75,0.296,1024,0.0516
9,75,0.347,336,0.0169
9,75,0.398,736,0.0371
9,75,0.449,320,0.0161
9,75,0.500,400,0.0201
9,75,0.551,128,0.0064
9,75,0.602,384,0.0193
9,75,0.653,320,0.0161
9,75,0.705,128,0.0064
9,75,0.756,304,0.0153
9,75,0.807,320,0.0161
9,75,0.859,736,0.0371
9,75,0.910,400,0.0201
9,75,0.961,800,0.0403
9,75,1.012,400,0.0201
9,75,1.063,384,0.0193
9,75,1.114,304,0.0153
9,75,1.165,320,0.0161
9,75,1.216,336,0.0169
9,75,1.267,160,0.0081
9,75,1.319,736,0.0371
9,75,1.370,320,0.0161
9,75,1.421,528,0.0266
9,75,1.472,320,0.0161
9,75,1.523,416,0.0209
9,75,1.574,464,0.0234
9,75,1.625,320,0.0161
9,75,1.676,320,0.0161
9,75,1.727,320,0.0161
9,75,1.778,736,0.0371
9,75,1.829,320,0.0161
9,75,1.880,736,0.0371
9,75,1.931,304,0.0153
9,75,1.983,384,0.0193
9,75,2.034,336,0.0169
9,75,2.085,320,0.0161
9,75,2.137,320,0.0161
9,75,2.188,464,0.0234
9,75,2.242,320,0.0161
9,75,2.294,320,0.0161
9,75,2.345,320,0.0161
9,75,2.397,320,0.0161
9,75,2.448,320,0.0161
9,75,2.499,752,0.0379
9,75,2.551,400,0.0201
9,75,2.602,496,0.0250
9,75,2.653,320,0.0161
9,75,2.705,320,0.0161
9,75,2.756,304,0.0153
9,75,2.807,320,0.0161
9,75,2.858,176,0.0089
9,75,2.909,320,0.0161
9,75,2.960,736,0.0371
10,100,0.000,320,0.0161
10,100,0.095,336,0.0169
10,100,0.147,784,0.0395
10,100,0.198,192,0.0097
10,100,0.249,640,0.0322
10,100,0.300,288,0.0145
10,100,0.351,336,0.0169
10,100,0.402,336,0.0169
10,100,0.453,320,0.0161
10,100,0.504,320,0.0161
10,100,0.555,128,0.0064
10,100,0.606,736,0.0371
10,100,0.657,320,0.0161
10,100,0.709,672,0.0338
10,100,0.760,336,0.0169
10,100,0.811,336,0.0169
10,100,0.862,320,0.0161
10,100,0.913,288,0.0145
10,100,0.964,320,0.0161
10,100,1.015,320,0.0161
10,100,1.066,928,0.0467
10,100,1.117,336,0.0169
10,100,1.169,688,0.0346
10,100,1.220,288,0.0145
10,100,1.271,400,0.0201
10,100,1.322,320,0.0161
10,100,1.374,656,0.0330
10,100,1.425,336,0.0169
10,100,1.476,96,0.0048
10,100,1.558,480,0.0242
10,100,1.610,528,0.0266
10,100,1.661,304,0.0153
10,100,1.713,320,0.0161
10,100,1.764,320,0.0161
10,100,1.815,320,0.0161
10,100,1.867,720,0.0363
10,100,1.918,304,0.0153
10,100,1.969,672,0.0338
10,100,2.021,320,0.0161
10,100,2.072,336,0.0169
10,100,2.123,320,0.0161
10,100,2.175,320,0.0161
10,100,2.226,320,0.0161
10,100,2.277,320,0.0161
10,100,2.329,784,0.0395
10,100,2.380,320,0.0161
10,100,2.431,464,0.0234
10,100,2.483,144,0.0073
10,100,2.534,144,0.0073
10,100,2.585,320,0.0161
10,100,2.637,304,0.0153
10,100,2.688,800,0.0403
10,100,2.739,304,0.0153
10,100,2.791,560,0.0282
10,100,2.842,176,0.0089
10,100,2.893,208,0.0105
10,100,2.945,336,0.0169
10,100,2.996,320,0.0161
11,100,0.001,304,0.0153
11,100,0.081,256,0.0129
11,100,0.133,576,0.0290
11,100,0.184,320,0.0161
11,100,0.236,720,0.0363
11,100,0.287,320,0.0161
11,100,0.338,352,0.0177
11,100,0.390,320,0.0161
11,100,0.441,368,0.0185
11,100,0.492,336,0.0169
11,100,0.543,272,0.0137
11,100,0.594,800,0.0403
11,100,0.645,320,0.0161
11,100,0.697,608,0.0306
11,100,0.750,160,0.0081
11,100,0.802,208,0.0105
11,100,0.853,752,0.0379
11,100,0.904,320,0.0161
11,100,0.956,736,0.0371
11,100,1.007,320,0.0161
11,100,1.058,288,0.0145
11,100,1.110,320,0.0161
11,100,1.161,208,0.0105
11,100,1.212,320,0.0161
11,100,1.264,320,0.0161
11,100,1.315,768,0.0387
11,100,1.366,320,0.0161
11,100,1.417,544,0.0274
11,100,1.469,320,0.0161
11,100,1.520,320,0.0161
11,100,1.571,304,0.0153
11,100,1.623,320,0.0161
11,100,1.674,832,0.0419
11,100,1.725,304,0.0153
11,100,1.776,768,0.0387
11,100,1.827,304,0.0153
11,100,1.878,336,0.0169
11,100,1.929,336,0.0169
11,100,1.980,176,0.0089
11,100,2.031,320,0.0161
11,100,2.082,272,0.0137
11,100,2.133,656,0.0330
11,100,2.184,320,0.0161
11,100,2.235,736,0.0371
11,100,2.286,320,0.0161
11,100,2.337,512,0.0258
11,100,2.389,304,0.0153
11,100,2.440,336,0.0169
11,100,2.491,384,0.0193
11,100,2.542,304,0.0153
11,100,2.594,768,0.0387
11,100,2.645,384,0.0193
11,100,2.696,624,0.0314
11,100,2.748,336,0.0169
11,100,2.799,160,0.0081
11,100,2.850,240,0.0121
11,100,2.904,336,0.0169
11,100,2.956,672,0.0338
12,100,0.000,496,0.0250
12,100,0.091,464,0.0234
12,100,0.143,640,0.0322
12,100,0.194,320,0.0161
12,100,0.245,304,0.0153
12,100,0.297,912,0.0459
12,100,0.348,320,0.0161
12,100,0.399,784,0.0395
12,100,0.451,432,0.0218
12,100,0.502,336,0.0169
12,100,0.553,288,0.0145
12,100,0.605,592,0.0298
12,100,0.656,320,0.0161
12,100,0.707,304,0.0153
12,100,0.758,768,0.0387
12,100,0.809,320,0.0161
12,100,0.860,592,0.0298
12,100,0.912,336,0.0169
12,100,0.963,320,0.0161
12,100,1.014,304,0.0153
12,100,1.065,304,0.0153
12,100,1.117,1216,0.0612
12,100,1.168,288,0.0145
12,100,1.219,736,0.0371
12,100,1.271,288,0.0145
12,100,1.322,400,0.0201
12,100,1.373,320,0.0161
12,100,1.425,400,0.0201
12,100,1.476,320,0.0161
12,100,1.527,336,0.0169
12,100,1.579,768,0.0387
12,100,1.630,320,0.0161
12,100,1.681,288,0.0145
12,100,1.732,320,0.0161
12,100,1.783,336,0.0169
12,100,1.834,320,0.0161
12,100,1.885,320,0.0161
12,100,1.936,320,0.0161
12,100,1.987,336,0.0169
12,100,2.039,800,0.0403
12,100,2.090,320,0.0161
12,100,2.144,336,0.0169
12,100,2.196,320,0.0161
12,100,2.247,320,0.0161
12,100,2.298,784,0.0395
12,100,2.350,320,0.0161
12,100,2.401,592,0.0298
12,100,2.452,320,0.0161
12,100,2.504,320,0.0161
12,100,2.555,320,0.0161
12,100,2.606,320,0.0161
12,100,2.658,832,0.0419
12,100,2.709,320,0.0161
12,100,2.760,672,0.0338
12,100,2.811,320,0.0161
12,100,2.862,352,0.0177
12,100,2.913,336,0.0169
12,100,2.964,320,0.0161
13,150,0.000,35240,1.7745
13,150,0.099,35480,1.7866
13,150,0.151,35288,1.7769
13,150,0.202,35608,1.7930
13,150,0.253,34728,1.7487
13,150,0.305,35432,1.7842
13,150,0.356,35096,1.7673
13,150,0.407,35032,1.7640
13,150,0.459,34696,1.7471
13,150,0.510,34136,1.7189
13,150,0.561,35048,1.7648
13,150,0.612,34536,1.7391
13,150,0.663,35112,1.7681
13,150,0.714,35288,1.7769
13,150,0.765,33624,1.6931
13,150,0.816,34488,1.7366
13,150,0.867,33048,1.6641
13,150,0.919,34920,1.7584
13,150,0.970,34536,1.7391
13,150,1.021,33112,1.6673
13,150,1.072,32471,1.6351
13,150,1.124,32183,1.6206
13,150,1.175,34008,1.7125
13,150,1.226,33160,1.6698
13,150,1.311,34232,1.7237
13,150,1.363,33304,1.6770
13,150,1.414,33416,1.6827
13,150,1.465,33736,1.6988
13,150,1.516,33688,1.6964
13,150,1.567,33480,1.6859
13,150,1.618,34616,1.7431
13,150,1.669,33880,1.7060
13,150,1.721,34616,1.7431
13,150,1.772,34888,1.7568
13,150,1.823,34296,1.7270
13,150,1.874,34568,1.7407
13,150,1.926,34376,1.7310
13,150,1.977,35336,1.7793
13,150,2.028,35160,1.7705
13,150,2.080,35256,1.7753
13,150,2.131,35640,1.7946
13,150,2.182,35864,1.8059
13,150,2.233,35656,1.7954
13,150,2.284,35928,1.8091
13,150,2.335,35800,1.8027
13,150,2.387,35688,1.7971
13,150,2.438,35256,1.7753
13,150,2.489,35768,1.8011
13,150,2.540,35144,1.7697
13,150,2.592,35560,1.7906
13,150,2.643,35160,1.7705
13,150,2.694,35352,1.7801
13,150,2.745,35176,1.7713
13,150,2.796,35288,1.7769
13,150,2.847,35752,1.8003
13,150,2.898,35144,1.7697
13,150,2.949,35096,1.7673
14,150,0.000,34904,1.7576
14,150,0.080,33752,1.6996
14,150,0.132,34136,1.7189
14,150,0.183,33416,1.6827
14,150,0.235,34568,1.7407
14,150,0.286,33352,1.6794
14,150,0.340,34216,1.7229
14,150,0.392,34024,1.7133
14,150,0.443,34216,1.7229
14,150,0.495,34360,1.7302
14,150,0.546,33720,1.6980
14,150,0.597,33672,1.6955
14,150,0.648,31511,1.5867
14,150,0.700,32904,1.6569
14,150,0.751,32567,1.6399
14,150,0.802,33416,1.6827
14,150,0.854,32808,1.6520
14,150,0.905,33496,1.6867
14,150,0.956,34712,1.7479
14,150,1.007,34184,1.7213
14,150,1.058,34968,1.7608
14,150,1.109,34696,1.7471
14,150,1.160,34984,1.7616
14,150,1.211,34856,1.7552
14,150,1.262,33368,1.6802
14,150,1.313,33656,1.6947
14,150,1.365,33464,1.6851
14,150,1.416,33464,1.6851
14,150,1.467,33496,1.6867
14,150,1.519,33240,1.6738
14,150,1.570,34152,1.7197
14,150,1.621,33000,1.6617
14,150,1.672,34280,1.7262
14,150,1.723,34424,1.7334
14,150,1.774,34216,1.7229
14,150,1.826,34296,1.7270
14,150,1.877,33608,1.6923
14,150,1.928,32487,1.6359
14,150,1.979,33880,1.7060
14,150,2.031,33448,1.6843
14,150,2.082,34184,1.7213
14,150,2.133,34136,1.7189
14,150,2.185,34024,1.7133
14,150,2.236,34152,1.7197
14,150,2.287,34136,1.7189
14,150,2.341,34120,1.7181
14,150,2.393,34696,1.7471
14,150,2.444,34952,1.7600
14,150,2.495,35128,1.7689
14,150,2.546,35000,1.7624
14,150,2.597,35064,1.7656
14,150,2.649,35880,1.8067
14,150,2.700,36232,1.8245
14,150,2.751,36744,1.8502
14,150,2.802,36296,1.8277
14,150,2.853,36296,1.8277
14,150,2.904,37289,1.8777
14,150,2.955,37673,1.8970
15,150,0.000,36696,1.8478
15,150,0.093,36552,1.8406
15,150,0.145,36184,1.8220
15,150,0.196,36232,1.8245
15,150,0.248,36680,1.8470
15,150,0.299,36376,1.8317
15,150,0.350,37257,1.8761
15,150,0.402,37081,1.8672
15,150,0.453,37449,1.8857
15,150,0.504,38345,1.9309
15,150,0.556,38585,1.9429
15,150,0.607,39049,1.9663
15,150,0.658,38553,1.9413
15,150,0.710,38569,1.9421
15,150,0.761,39449,1.9864
15,150,0.812,38473,1.9373
15,150,0.863,37897,1.9083
15,150,0.915,37785,1.9027
15,150,0.966,38281,1.9276
15,150,1.017,38089,1.9180
15,150,1.069,38345,1.9309
15,150,1.120,38601,1.9437
15,150,1.171,38137,1.9204
15,150,1.222,37801,1.9035
15,150,1.273,37705,1.8986
15,150,1.324,37737,1.9002
15,150,1.375,37673,1.8970
15,150,1.428,37833,1.9051
15,150,1.480,37705,1.8986
15,150,1.531,38313,1.9292
15,150,1.582,38457,1.9365
15,150,1.634,38681,1.9478
15,150,1.685,38233,1.9252
15,150,1.736,38889,1.9582
15,150,1.788,38921,1.9599
15,150,1.839,38633,1.9454
15,150,1.890,38745,1.9510
15,150,1.941,38969,1.9623
15,150,1.993,38745,1.9510
15,150,2.044,39081,1.9679
15,150,2.095,38921,1.9599
15,150,2.146,39049,1.9663
15,150,2.197,39737,2.0009
15,150,2.248,40553,2.0420
15,150,2.299,39657,1.9969
15,150,2.350,40073,2.0179
15,150,2.401,40617,2.0453
15,150,2.452,40377,2.0332
15,150,2.504,39881,2.0082
15,150,2.555,40233,2.0259
15,150,2.606,40473,2.0380
15,150,2.658,40105,2.0195
15,150,2.709,40217,2.0251
15,150,2.760,40265,2.0275
15,150,2.811,40649,2.0469
15,150,2.862,40521,2.0404
15,150,2.913,40521,2.0404
15,150,2.964,41130,2.0711
16,200,0.000,43594,2.1952
16,200,0.100,43322,2.1815
16,200,0.152,43898,2.2105
16,200,0.203,43322,2.1815
16,200,0.254,41626,2.0961
16,200,0.306,42186,2.1243
16,200,0.357,41914,2.1106
16,200,0.408,42698,2.1500
16,200,0.494,42602,2.1452
16,200,0.546,42890,2.1597
16,200,0.597,41834,2.1065
16,200,0.648,42554,2.1428
16,200,0.699,40473,2.0380
16,200,0.750,40953,2.0622
16,200,0.802,41130,2.0711
16,200,0.853,42714,2.1509
16,200,0.904,41786,2.1041
16,200,0.955,42778,2.1541
16,200,1.007,42650,2.1476
16,200,1.058,43082,2.1694
16,200,1.109,42810,2.1557
16,200,1.161,43178,2.1742
16,200,1.212,43706,2.2008
16,200,1.263,43738,2.2024
16,200,1.315,43738,2.2024
16,200,1.366,44506,2.2411
16,200,1.417,44218,2.2266
16,200,1.469,44842,2.2580
16,200,1.520,44762,2.2540
16,200,1.571,45002,2.2661
16,200,1.622,45115,2.2718
16,200,1.674,45227,2.2774
16,200,1.725,45451,2.2887
16,200,1.776,45147,2.2734
16,200,1.828,45403,2.2863
16,200,1.879,45307,2.2814
16,200,1.930,45467,2.2895
16,200,1.981,45915,2.3120
16,200,2.033,45355,2.2838
16,200,2.084,45531,2.2927
16,200,2.135,45803,2.3064
16,200,2.187,45435,2.2879
16,200,2.238,45419,2.2871
16,200,2.289,45451,2.2887
16,200,2.341,45515,2.2919
16,200,2.392,45050,2.2685
16,200,2.443,45531,2.2927
16,200,2.497,45002,2.2661
16,200,2.549,45195,2.2758
16,200,2.601,45275,2.2798
16,200,2.652,45451,2.2887
16,200,2.703,45451,2.2887
16,200,2.754,45371,2.2846
16,200,2.806,45611,2.2967
16,200,2.857,45403,2.2863
16,200,2.908,45275,2.2798
16,200,2.960,45339,2.2830
17,200,0.000,45050,2.2685
17,200,0.083,45131,2.2726
17,200,0.135,45307,2.2814
17,200,0.187,44906,2.2612
17,200,0.238,45034,2.2677
17,200,0.289,45034,2.2677
17,200,0.341,43962,2.2137
17,200,0.392,44762,2.2540
17,200,0.443,43674,2.1992
17,200,0.495,44602,2.2459
17,200,0.546,43850,2.2081
17,200,0.597,44106,2.2209
17,200,0.649,44986,2.2653
17,200,0.700,44906,2.2612
17,200,0.751,45002,2.2661
17,200,0.802,45099,2.2709
17,200,0.853,45195,2.2758
17,200,0.904,44986,2.2653
17,200,0.956,44906,2.2612
17,200,1.007,44554,2.2435
17,200,1.058,45050,2.2685
17,200,1.109,44426,2.2371
17,200,1.161,44938,2.2628
17,200,1.212,44602,2.2459
17,200,1.263,44714,2.2516
17,200,1.315,45211,2.2766
17,200,1.366,45067,2.2693
17,200,1.417,45034,2.2677
17,200,1.468,44906,2.2612
17,200,1.522,45147,2.2734
17,200,1.574,44778,2.2548
17,200,1.625,45467,2.2895
17,200,1.676,44810,2.2564
17,200,1.727,44266,2.2290
17,200,1.779,44362,2.2338
17,200,1.830,44410,2.2363
17,200,1.881,45115,2.2718
17,200,1.933,45147,2.2734
17,200,1.984,45067,2.2693
17,200,2.035,45403,2.2863
17,200,2.086,45131,2.2726
17,200,2.137,45291,2.2806
17,200,2.188,45339,2.2830
17,200,2.239,45147,2.2734
17,200,2.291,45531,2.2927
17,200,2.342,45467,2.2895
17,200,2.393,45499,2.2911
17,200,2.445,45291,2.2806
17,200,2.496,45579,2.2951
17,200,2.547,45275,2.2798
17,200,2.599,45579,2.2951
17,200,2.650,45483,2.2903
17,200,2.701,45339,2.2830
17,200,2.752,45531,2.2927
17,200,2.804,45403,2.2863
17,200,2.855,45419,2.2871
17,200,2.906,45243,2.2782
17,200,2.958,44634,2.2475
18,200,0.000,42698,2.1500
18,200,0.092,42378,2.1339
18,200,0.143,42074,2.1186
18,200,0.194,42026,2.1162
18,200,0.245,41946,2.1122
18,200,0.297,41754,2.1025
18,200,0.348,42394,2.1347
18,200,0.399,41802,2.1049
18,200,0.451,43034,2.1670
18,200,0.502,41946,2.1122
18,200,0.553,42794,2.1549
18,200,0.607,42186,2.1243
18,200,0.659,42730,2.1517
18,200,0.710,42810,2.1557
18,200,0.761,42794,2.1549
18,200,0.812,42970,2.1637
18,200,0.863,42362,2.1331
18,200,0.915,42906,2.1605
18,200,0.966,41994,2.1146
18,200,1.017,43274,2.1791
18,200,1.069,42266,2.1283
18,200,1.120,42010,2.1154
18,200,1.171,42202,2.1251
18,200,1.223,42058,2.1178
18,200,1.274,42682,2.1492
18,200,1.325,41514,2.0904
18,200,1.377,42442,2.1372
18,200,1.428,41034,2.0663
18,200,1.479,41754,2.1025
18,200,1.530,40905,2.0598
18,200,1.582,40953,2.0622
18,200,1.633,41514,2.0904
18,200,1.684,40105,2.0195
18,200,1.736,41178,2.0735
18,200,1.787,41994,2.1146
18,200,1.838,42122,2.1210
18,200,1.889,42538,2.1420
18,200,1.940,42154,2.1227
18,200,1.991,42906,2.1605
18,200,2.042,42394,2.1347
18,200,2.094,42010,2.1154
18,200,2.145,42506,2.1404
18,200,2.196,41978,2.1138
18,200,2.248,43098,2.1702
18,200,2.299,42794,2.1549
18,200,2.350,42842,2.1573
18,200,2.401,43114,2.1710
18,200,2.452,42410,2.1355
18,200,2.503,43082,2.1694
18,200,2.555,42634,2.1468
18,200,2.636,43290,2.1799
18,200,2.688,42346,2.1323
18,200,2.740,42442,2.1372
18,200,2.791,42538,2.1420
18,200,2.842,41818,2.1057
18,200,2.893,42922,2.1613
18,200,2.945,42090,2.1194
18,200,2.996,42074,2.1186
19,250,0.001,50300,2.5328
19,250,0.080,50396,2.5377
19,250,0.132,49996,2.5175
19,250,0.183,50380,2.5369
19,250,0.235,49836,2.5095
19,250,0.286,50028,2.5191
19,250,0.337,50268,2.5312
19,250,0.389,49564,2.4958
19,250,0.440,49228,2.4789
19,250,0.491,49324,2.4837
19,250,0.542,50140,2.5248
19,250,0.594,49852,2.5103
19,250,0.645,49980,2.5167
19,250,0.696,49884,2.5119
19,250,0.748,50236,2.5296
19,250,0.799,50204,2.5280
19,250,0.850,49868,2.5111
19,250,0.901,50124,2.5240
19,250,0.952,50380,2.5369
19,250,1.003,50076,2.5216
19,250,1.055,49852,2.5103
19,250,1.106,50188,2.5272
19,250,1.157,50332,2.5345
19,250,1.208,50236,2.5296
19,250,1.259,50044,2.5200
19,250,1.310,50156,2.5256
19,250,1.361,50476,2.5417
19,250,1.413,50748,2.5554
19,250,1.464,50476,2.5417
19,250,1.515,50620,2.5490
19,250,1.566,50380,2.5369
19,250,1.619,50252,2.5304
19,250,1.671,50716,2.5538
19,250,1.722,50652,2.5506
19,250,1.773,50444,2.5401
19,250,1.825,50332,2.5345
19,250,1.876,50620,2.5490
19,250,1.927,50540,2.5449
19,250,1.978,50412,2.5385
19,250,2.029,50428,2.5393
19,250,2.080,50444,2.5401
19,250,2.131,50412,2.5385
19,250,2.183,50716,2.5538
19,250,2.234,50652,2.5506
19,250,2.285,50060,2.5208
19,250,2.336,50572,2.5465
19,250,2.387,50540,2.5449
19,250,2.438,50412,2.5385
19,250,2.489,50460,2.5409
19,250,2.540,50284,2.5320
19,250,2.591,50380,2.5369
19,250,2.642,50508,2.5433
19,250,2.694,50188,2.5272
19,250,2.745,50668,2.5514
19,250,2.796,50508,2.5433
19,250,2.848,50028,2.5191
19,250,2.899,50732,2.5546
19,250,2.950,50492,2.5425
20,250,0.000,50476,2.5417
20,250,0.089,50108,2.5232
20,250,0.141,49836,2.5095
20,250,0.192,50268,2.5312
20,250,0.243,50380,2.5369
20,250,0.295,49948,2.5151
20,250,0.346,49868,2.5111
20,250,0.397,50252,2.5304
20,250,0.449,50460,2.5409
20,250,0.500,50188,2.5272
20,250,0.551,50412,2.5385
20,250,0.602,50412,2.5385
20,250,0.653,50716,2.5538
20,250,0.707,50476,2.5417
20,250,0.759,50764,2.5562
20,250,0.810,50732,2.5546
20,250,0.861,50844,2.5602
20,250,0.913,51148,2.5755
20,250,0.964,51132,2.5747
20,250,1.015,50988,2.5675
20,250,1.067,50924,2.5643
20,250,1.118,50572,2.5465
20,250,1.169,50236,2.5296
20,250,1.221,50876,2.5618
20,250,1.272,50716,2.5538
20,250,1.323,50508,2.5433
20,250,1.374,50412,2.5385
20,250,1.426,50428,2.5393
20,250,1.477,50492,2.5425
20,250,1.528,50636,2.5498
20,250,1.580,50700,2.5530
20,250,1.631,50844,2.5602
20,250,1.682,51084,2.5723
20,250,1.733,50396,2.5377
20,250,1.784,50348,2.5353
20,250,1.835,50508,2.5433
20,250,1.886,50748,2.5554
20,250,1.937,50508,2.5433
20,250,1.988,50364,2.5361
20,250,2.039,50284,2.5320
20,250,2.090,50444,2.5401
20,250,2.141,50572,2.5465
20,250,2.192,50588,2.5473
20,250,2.244,50524,2.5441
20,250,2.295,50668,2.5514
20,250,2.346,50316,2.5337
20,250,2.397,50844,2.5602
20,250,2.448,50716,2.5538
20,250,2.499,50972,2.5667
20,250,2.551,50300,2.5328
20,250,2.602,50268,2.5312
20,250,2.653,50252,2.5304
20,250,2.707,50380,2.5369
20,250,2.759,50748,2.5554
20,250,2.810,50396,2.5377
20,250,2.861,50156,2.5256
20,250,2.912,50348,2.5353
20,250,2.963,50316,2.5337
21,250,0.000,47723,2.4031
21,250,0.094,47371,2.3854
21,250,0.146,47835,2.4087
21,250,0.198,47771,2.4055
21,250,0.249,48091,2.4216
21,250,0.300,48443,2.4393
21,250,0.352,48075,2.4208
21,250,0.403,48187,2.4264
21,250,0.454,48347,2.4345
21,250,0.505,48587,2.4466
21,250,0.556,48747,2.4546
21,250,0.607,48923,2.4635
21,250,0.658,48827,2.4587
21,250,0.709,48731,2.4538
21,250,0.760,49164,2.4756
21,250,0.811,48747,2.4546
21,250,0.863,48987,2.4667
21,250,0.914,48667,2.4506
21,250,0.965,49340,2.4845
21,250,1.017,48891,2.4619
21,250,1.068,48475,2.4409
21,250,1.119,48811,2.4579
21,250,1.171,49051,2.4700
21,250,1.222,48907,2.4627
21,250,1.273,48491,2.4418
21,250,1.324,49051,2.4700
21,250,1.376,48667,2.4506
21,250,1.427,48283,2.4313
21,250,1.478,48363,2.4353
21,250,1.529,49067,2.4708
21,250,1.580,48587,2.4466
21,250,1.631,49308,2.4829
21,250,1.682,49212,2.4781
21,250,1.734,49388,2.4869
21,250,1.816,49644,2.4998
21,250,1.868,49644,2.4998
21,250,1.919,49644,2.4998
21,250,1.971,49388,2.4869
21,250,2.022,49676,2.5014
21,250,2.073,49612,2.4982
21,250,2.124,49932,2.5143
21,250,2.175,49852,2.5103
21,250,2.226,50028,2.5191
21,250,2.277,49884,2.5119
21,250,2.328,50188,2.5272
21,250,2.379,50268,2.5312
21,250,2.431,49932,2.5143
21,250,2.482,50492,2.5425
21,250,2.533,50508,2.5433
21,250,2.584,50316,2.5337
21,250,2.636,50124,2.5240
21,250,2.687,49676,2.5014
21,250,2.738,49932,2.5143
21,250,2.790,49388,2.4869
21,250,2.841,50124,2.5240
21,250,2.892,49852,2.5103
21,250,2.943,50572,2.5465
21,250,2.995,49964,2.5159
22,300,0.000,53645,2.7013
22,300,0.083,53565,2.6973
22,300,0.135,53597,2.6989
22,300,0.187,53869,2.7126
22,300,0.238,53485,2.6932
22,300,0.289,53437,2.6908
22,300,0.341,53341,2.6860
22,300,0.392,53309,2.6844
22,300,0.443,52972,2.6674
22,300,0.495,53036,2.6706
22,300,0.546,53244,2.6811
22,300,0.597,53437,2.6908
22,300,0.649,53645,2.7013
22,300,0.700,53565,2.6973
22,300,0.754,53917,2.7150
22,300,0.806,53997,2.7190
22,300,0.857,54221,2.7303
22,300,0.908,53805,2.7093
22,300,0.960,54077,2.7230
22,300,1.011,54093,2.7238
22,300,1.062,54669,2.7528
22,300,1.114,54077,2.7230
22,300,1.165,54077,2.7230
22,300,1.216,54685,2.7537
22,300,1.267,54445,2.7416
22,300,1.318,54461,2.7424
22,300,1.369,54205,2.7295
22,300,1.420,54605,2.7496
22,300,1.471,54557,2.7472
22,300,1.522,54285,2.7335
22,300,1.573,54413,2.7400
22,300,1.625,54621,2.7504
22,300,1.676,54621,2.7504
22,300,1.727,54317,2.7351
22,300,1.778,54461,2.7424
22,300,1.829,54349,2.7367
22,300,1.880,54301,2.7343
22,300,1.931,54189,2.7287
22,300,1.983,54477,2.7432
22,300,2.034,54061,2.7222
22,300,2.085,53981,2.7182
22,300,2.137,54477,2.7432
22,300,2.188,54029,2.7206
22,300,2.239,55389,2.7891
22,300,2.291,54253,2.7319
22,300,2.342,54509,2.7448
22,300,2.393,54701,2.7545
22,300,2.445,54429,2.7408
22,300,2.496,54381,2.7383
22,300,2.547,53981,2.7182
22,300,2.598,54333,2.7359
22,300,2.649,54061,2.7222
22,300,2.700,54477,2.7432
22,300,2.751,54205,2.7295
22,300,2.805,54253,2.7319
22,300,2.857,54589,2.7488
22,300,2.909,54733,2.7561
22,300,2.960,54445,2.7416
23,300,0.001,53453,2.6916
23,300,0.090,53421,2.6900
23,300,0.142,53661,2.7021
23,300,0.193,53789,2.7085
23,300,0.245,53453,2.6916
23,300,0.296,53277,2.6828
23,300,0.347,53821,2.7101
23,300,0.399,53597,2.6989
23,300,0.450,53901,2.7142
23,300,0.501,54093,2.7238
23,300,0.553,53869,2.7126
23,300,0.604,53469,2.6924
23,300,0.655,53869,2.7126
23,300,0.706,53357,2.6868
23,300,0.757,53421,2.6900
23,300,0.808,53469,2.6924
23,300,0.859,53533,2.6956
23,300,0.911,54125,2.7255
23,300,0.962,53597,2.6989
23,300,1.013,53228,2.6803
23,300,1.065,53821,2.7101
23,300,1.116,53741,2.7061
23,300,1.167,53485,2.6932
23,300,1.219,53949,2.7166
23,300,1.270,53453,2.6916
23,300,1.321,53469,2.6924
23,300,1.373,53709,2.7045
23,300,1.424,53517,2.6948
23,300,1.475,53901,2.7142
23,300,1.526,53228,2.6803
23,300,1.578,53693,2.7037
23,300,1.629,52956,2.6666
23,300,1.680,53613,2.6997
23,300,1.732,53565,2.6973
23,300,1.783,52620,2.6497
23,300,1.837,53837,2.7109
23,300,1.889,52956,2.6666
23,300,1.940,53725,2.7053
23,300,1.991,53485,2.6932
23,300,2.043,53533,2.6956
23,300,2.094,53100,2.6738
23,300,2.145,53389,2.6884
23,300,2.197,53901,2.7142
23,300,2.248,53661,2.7021
23,300,2.299,53501,2.6940
23,300,2.351,54333,2.7359
23,300,2.402,54333,2.7359
23,300,2.453,53757,2.7069
23,300,2.504,53645,2.7013
23,300,2.555,53885,2.7134
23,300,2.606,53581,2.6981
23,300,2.657,54013,2.7198
23,300,2.708,53581,2.6981
23,300,2.759,53789,2.7085
23,300,2.810,53997,2.7190
23,300,2.862,53789,2.7085
23,300,2.913,53821,2.7101
23,300,2.964,54173,2.7279
24,300,0.000,53821,2.7101
24,300,0.100,54365,2.7375
24,300,0.152,54269,2.7327
24,300,0.203,54125,2.7255
24,300,0.254,54413,2.7400
24,300,0.305,53837,2.7109
24,300,0.356,53885,2.7134
24,300,0.407,53821,2.7101
24,300,0.459,54381,2.7383
24,300,0.510,54221,2.7303
24,300,0.561,54461,2.7424
24,300,0.613,54125,2.7255
24,300,0.664,54285,2.7335
24,300,0.715,53965,2.7174
24,300,0.766,54413,2.7400
24,300,0.817,54061,2.7222
24,300,0.868,54077,2.7230
24,300,0.950,53837,2.7109
24,300,1.002,54173,2.7279
24,300,1.053,53853,2.7118
24,300,1.105,53773,2.7077
24,300,1.156,54301,2.7343
24,300,1.207,54013,2.7198
24,300,1.258,53869,2.7126
24,300,1.309,54413,2.7400
24,300,1.360,53997,2.7190
24,300,1.411,53725,2.7053
24,300,1.463,54029,2.7206
24,300,1.514,54349,2.7367
24,300,1.565,54445,2.7416
24,300,1.616,54349,2.7367
24,300,1.667,54445,2.7416
24,300,1.718,53997,2.7190
24,300,1.769,54173,2.7279
24,300,1.820,54541,2.7464
24,300,1.871,54381,2.7383
24,300,1.922,53981,2.7182
24,300,1.974,54141,2.7263
24,300,2.025,53661,2.7021
24,300,2.076,53677,2.7029
24,300,2.128,54301,2.7343
24,300,2.179,53773,2.7077
24,300,2.230,54205,2.7295
24,300,2.282,54077,2.7230
24,300,2.333,54061,2.7222
24,300,2.384,54253,2.7319
24,300,2.435,54589,2.7488
24,300,2.487,53965,2.7174
24,300,2.538,54477,2.7432
24,300,2.589,54189,2.7287
24,300,2.641,54493,2.7440
24,300,2.692,53853,2.7118
24,300,2.743,54605,2.7496
24,300,2.794,54029,2.7206
24,300,2.845,54445,2.7416
24,300,2.896,54317,2.7351
24,300,2.950,54445,2.7416
25,350,0.001,55757,2.8076
25,350,0.087,55789,2.8092
25,350,0.139,55789,2.8092
25,350,0.191,55693,2.8044
25,350,0.242,55709,2.8052
25,350,0.293,55181,2.7786
25,350,0.345,55693,2.8044
25,350,0.396,55837,2.8117
25,350,0.447,55053,2.7722
25,350,0.498,55837,2.8117
25,350,0.549,55901,2.8149
25,350,0.600,55613,2.8004
25,350,0.651,55405,2.7899
25,350,0.703,55885,2.8141
25,350,0.754,55501,2.7947
25,350,0.805,55757,2.8076
25,350,0.857,55901,2.8149
25,350,0.908,55837,2.8117
25,350,0.959,55517,2.7955
25,350,1.011,55469,2.7931
25,350,1.062,55485,2.7939
25,350,1.113,55405,2.7899
25,350,1.164,55965,2.8181
25,350,1.216,55837,2.8117
25,350,1.267,55901,2.8149
25,350,1.318,55581,2.7988
25,350,1.370,56029,2.8213
25,350,1.421,55261,2.7827
25,350,1.472,55405,2.7899
25,350,1.523,55485,2.7939
25,350,1.575,55645,2.8020
25,350,1.626,55693,2.8044
25,350,1.677,55645,2.8020
25,350,1.729,55485,2.7939
25,350,1.780,55981,2.8189
25,350,1.831,56093,2.8246
25,350,1.882,55661,2.8028
25,350,1.934,55741,2.8068
25,350,1.988,55837,2.8117
25,350,2.040,55405,2.7899
25,350,2.091,55325,2.7859
25,350,2.142,55325,2.7859
25,350,2.193,55709,2.8052
25,350,2.245,55773,2.8084
25,350,2.296,55709,2.8052
25,350,2.347,55869,2.8133
25,350,2.399,55373,2.7883
25,350,2.450,55789,2.8092
25,350,2.501,55997,2.8197
25,350,2.552,55485,2.7939
25,350,2.604,55693,2.8044
25,350,2.655,55757,2.8076
25,350,2.706,55501,2.7947
25,350,2.758,55325,2.7859
25,350,2.809,54861,2.7625
25,350,2.860,55261,2.7827
25,350,2.911,55245,2.7818
25,350,2.962,55357,2.7875
26,350,0.000,54397,2.7391
26,350,0.091,54445,2.7416
26,350,0.143,54589,2.7488
26,350,0.194,54797,2.7593
26,350,0.245,54701,2.7545
26,350,0.297,54541,2.7464
26,350,0.348,54237,2.7311
26,350,0.399,54333,2.7359
26,350,0.451,54701,2.7545
26,350,0.502,54605,2.7496
26,350,0.553,54797,2.7593
26,350,0.605,54221,2.7303
26,350,0.656,54781,2.7585
26,350,0.707,54061,2.7222
26,350,0.758,53981,2.7182
26,350,0.809,54381,2.7383
26,350,0.860,53997,2.7190
26,350,0.911,54381,2.7383
26,350,0.963,54733,2.7561
26,350,1.014,54525,2.7456
26,350,1.068,54989,2.7690
26,350,1.120,54525,2.7456
26,350,1.171,54717,2.7553
26,350,1.223,54285,2.7335
26,350,1.274,54749,2.7569
26,350,1.325,54685,2.7537
26,350,1.376,54557,2.7472
26,350,1.427,54461,2.7424
26,350,1.478,55101,2.7746
26,350,1.530,55213,2.7802
26,350,1.581,55053,2.7722
26,350,1.632,54541,2.7464
26,350,1.683,54829,2.7609
26,350,1.735,54605,2.7496
26,350,1.786,54973,2.7682
26,350,1.837,54877,2.7633
26,350,1.888,54797,2.7593
26,350,1.939,55021,2.7706
26,350,1.990,54797,2.7593
26,350,2.041,54909,2.7649
26,350,2.093,55277,2.7835
26,350,2.144,54877,2.7633
26,350,2.195,55149,2.7770
26,350,2.247,54221,2.7303
26,350,2.298,54557,2.7472
26,350,2.349,54653,2.7520
26,350,2.400,54973,2.7682
26,350,2.451,54029,2.7206
26,350,2.502,54685,2.7537
26,350,2.553,54333,2.7359
26,350,2.605,54285,2.7335
26,350,2.656,54237,2.7311
26,350,2.707,54029,2.7206
26,350,2.759,54301,2.7343
26,350,2.810,54717,2.7553
26,350,2.861,54493,2.7440
26,350,2.912,54557,2.7472
26,350,2.964,54317,2.7351
27,350,0.000,54349,2.7367
27,350,0.131,54301,2.7343
27,350,0.183,54765,2.7577
27,350,0.234,54493,2.7440
27,350,0.285,54077,2.7230
27,350,0.337,54861,2.7625
27,350,0.388,54349,2.7367
27,350,0.439,54573,2.7480
27,350,0.491,54381,2.7383
27,350,0.542,54349,2.7367
27,350,0.593,54749,2.7569
27,350,0.645,54813,2.7601
27,350,0.696,54669,2.7528
27,350,0.747,54669,2.7528
27,350,0.798,54749,2.7569
27,350,0.849,54813,2.7601
27,350,0.900,54541,2.7464
27,350,0.951,54461,2.7424
27,350,1.003,54669,2.7528
27,350,1.054,55053,2.7722
27,350,1.105,54957,2.7673
27,350,1.157,54893,2.7641
27,350,1.208,54957,2.7673
27,350,1.259,54877,2.7633
27,350,1.310,54621,2.7504
27,350,1.361,55053,2.7722
27,350,1.412,54621,2.7504
27,350,1.463,54365,2.7375
27,350,1.515,54733,2.7561
27,350,1.566,54749,2.7569
27,350,1.617,55325,2.7859
27,350,1.669,55245,2.7818
27,350,1.720,55101,2.7746
27,350,1.771,55325,2.7859
27,350,1.822,55565,2.7980
27,350,1.874,55085,2.7738
27,350,1.925,55453,2.7923
27,350,1.976,55357,2.7875
27,350,2.028,55117,2.7754
27,350,2.079,54941,2.7665
27,350,2.133,55149,2.7770
27,350,2.185,55005,2.7698
27,350,2.236,55389,2.7891
27,350,2.287,55245,2.7818
27,350,2.338,55325,2.7859
27,350,2.389,54717,2.7553
27,350,2.440,54813,2.7601
27,350,2.492,55069,2.7730
27,350,2.543,55053,2.7722
27,350,2.594,55133,2.7762
27,350,2.645,54669,2.7528
27,350,2.696,55117,2.7754
27,350,2.747,55005,2.7698
27,350,2.798,54941,2.7665
27,350,2.849,55437,2.7915
27,350,2.900,54813,2.7601
27,350,2.951,55085,2.7738
28,400,0.001,56541,2.8471
28,400,0.086,57053,2.8729
28,400,0.138,56925,2.8664
28,400,0.189,56797,2.8600
28,400,0.240,56285,2.8342
28,400,0.291,56589,2.8495
28,400,0.343,56493,2.8447
28,400,0.394,56253,2.8326
28,400,0.445,56029,2.8213
28,400,0.497,56125,2.8262
28,400,0.548,56253,2.8326
28,400,0.599,56653,2.8527
28,400,0.651,55501,2.7947
28,400,0.702,56253,2.8326
28,400,0.753,56205,2.8302
28,400,0.805,56029,2.8213
28,400,0.856,55133,2.7762
28,400,0.907,54781,2.7585
28,400,0.959,55533,2.7964
28,400,1.010,54573,2.7480
28,400,1.061,54605,2.7496
28,400,1.112,55373,2.7883
28,400,1.166,55661,2.8028
28,400,1.218,55869,2.8133
28,400,1.270,55197,2.7794
28,400,1.321,55229,2.7810
28,400,1.372,55693,2.8044
28,400,1.424,56141,2.8270
28,400,1.475,56173,2.8286
28,400,1.526,55645,2.8020
28,400,1.577,55757,2.8076
28,400,1.628,55869,2.8133
28,400,1.679,56365,2.8382
28,400,1.731,55821,2.8109
28,400,1.782,56333,2.8366
28,400,1.833,56093,2.8246
28,400,1.884,56461,2.8431
28,400,1.936,56973,2.8689
28,400,1.987,56749,2.8576
28,400,2.038,56509,2.8455
28,400,2.090,57277,2.8842
28,400,2.141,56877,2.8640
28,400,2.192,57229,2.8818
28,400,2.243,56733,2.8568
28,400,2.295,56925,2.8664
28,400,2.346,56781,2.8592
28,400,2.397,57341,2.8874
28,400,2.449,56733,2.8568
28,400,2.500,56717,2.8560
28,400,2.551,57117,2.8761
28,400,2.603,56877,2.8640
28,400,2.654,56685,2.8544
28,400,2.705,57341,2.8874
28,400,2.756,56989,2.8697
28,400,2.808,56845,2.8624
28,400,2.859,57069,2.8737
28,400,2.910,56877,2.8640
28,400,2.961,56317,2.8358
29,400,0.000,56941,2.8673
29,400,0.091,56733,2.8568
29,400,0.143,56781,2.8592
29,400,0.194,56605,2.8503
29,400,0.248,57181,2.8793
29,400,0.300,56845,2.8624
29,400,0.351,57277,2.8842
29,400,0.402,56941,2.8673
29,400,0.453,57293,2.8850
29,400,0.505,57149,2.8777
29,400,0.556,57341,2.8874
29,400,0.607,56861,2.8632
29,400,0.658,57197,2.8801
29,400,0.709,57245,2.8826
29,400,0.760,56829,2.8616
29,400,0.811,57197,2.8801
29,400,0.862,57229,2.8818
29,400,0.913,57518,2.8963
29,400,0.964,57133,2.8769
29,400,1.015,57197,2.8801
29,400,1.066,57341,2.8874
29,400,1.117,57390,2.8899
29,400,1.168,57021,2.8713
29,400,1.219,57005,2.8705
29,400,1.270,57341,2.8874
29,400,1.321,57229,2.8818
29,400,1.372,57117,2.8761
29,400,1.423,56973,2.8689
29,400,1.475,56925,2.8664
29,400,1.526,56813,2.8608
29,400,1.577,57069,2.8737
29,400,1.629,56605,2.8503
29,400,1.680,57053,2.8729
29,400,1.731,56637,2.8519
29,400,1.782,57117,2.8761
29,400,1.834,57341,2.8874
29,400,1.885,57277,2.8842
29,400,1.936,57341,2.8874
29,400,1.988,56509,2.8455
29,400,2.039,56861,2.8632
29,400,2.090,56621,2.8511
29,400,2.142,56925,2.8664
29,400,2.193,56797,2.8600
29,400,2.274,57069,2.8737
29,400,2.326,56733,2.8568
29,400,2.377,57229,2.8818
29,400,2.428,57245,2.8826
29,400,2.479,56637,2.8519
29,400,2.531,57341,2.8874
29,400,2.582,57069,2.8737
29,400,2.633,57293,2.8850
29,400,2.684,56589,2.8495
29,400,2.736,57181,2.8793
29,400,2.787,57261,2.8834
29,400,2.838,57053,2.8729
29,400,2.890,57149,2.8777
29,400,2.941,56685,2.8544
29,400,2.992,56733,2.8568
30,400,0.000,57037,2.8721
30,400,0.082,57181,2.8793
30,400,0.134,57293,2.8850
30,400,0.186,56973,2.8689
30,400,0.237,56637,2.8519
30,400,0.288,56941,2.8673
30,400,0.340,56973,2.8689
30,400,0.391,57117,2.8761
30,400,0.442,56605,2.8503
30,400,0.493,57181,2.8793
30,400,0.545,57229,2.8818
30,400,0.596,56941,2.8673
30,400,0.647,57245,2.8826
30,400,0.699,56589,2.8495
30,400,0.750,56925,2.8664
30,400,0.801,56797,2.8600
30,400,0.852,56829,2.8616
30,400,0.904,57021,2.8713
30,400,0.955,57309,2.8858
30,400,1.006,57341,2.8874
30,400,1.058,57341,2.8874
30,400,1.109,57261,2.8834
30,400,1.160,56813,2.8608
30,400,1.211,56797,2.8600
30,400,1.265,56813,2.8608
30,400,1.317,56909,2.8656
30,400,1.368,56877,2.8640
30,400,1.419,57101,2.8753
30,400,1.470,57053,2.8729
30,400,1.521,56845,2.8624
30,400,1.573,57309,2.8858
30,400,1.624,57117,2.8761
30,400,1.675,56797,2.8600
30,400,1.727,57069,2.8737
30,400,1.778,56733,2.8568
30,400,1.829,57341,2.8874
30,400,1.880,56845,2.8624
30,400,1.932,57053,2.8729
30,400,1.983,57037,2.8721
30,400,2.034,56973,2.8689
30,400,2.085,57117,2.8761
30,400,2.136,56861,2.8632
30,400,2.187,56589,2.8495
30,400,2.238,56653,2.8527
30,400,2.290,57085,2.8745
30,400,2.341,57293,2.8850
30,400,2.392,57309,2.8858
30,400,2.444,56845,2.8624
30,400,2.495,57165,2.8785
30,400,2.546,56765,2.8584
30,400,2.597,56653,2.8527
30,400,2.649,57341,2.8874
30,400,2.700,57261,2.8834
30,400,2.751,57341,2.8874
30,400,2.803,57341,2.8874
30,400,2.854,57245,2.8826
30,400,2.905,56989,2.8697
30,400,2.956,56845,2.8624
31,450,0.000,56781,2.8592
31,450,0.086,57037,2.8721
31,450,0.138,57085,2.8745
31,450,0.189,57021,2.8713
31,450,0.241,57133,2.8769
31,450,0.292,56621,2.8511
31,450,0.346,57341,2.8874
31,450,0.398,56877,2.8640
31,450,0.449,56813,2.8608
31,450,0.501,56653,2.8527
31,450,0.552,57069,2.8737
31,450,0.603,56989,2.8697
31,450,0.655,57069,2.8737
31,450,0.706,57101,2.8753
31,450,0.757,56605,2.8503
31,450,0.808,56461,2.8431
31,450,0.859,56781,2.8592
31,450,0.910,57261,2.8834
31,450,0.962,57341,2.8874
31,450,1.013,56861,2.8632
31,450,1.064,57341,2.8874
31,450,1.115,57325,2.8866
31,450,1.167,57261,2.8834
31,450,1.218,57117,2.8761
31,450,1.269,56893,2.8648
31,450,1.321,56797,2.8600
31,450,1.372,56861,2.8632
31,450,1.423,57021,2.8713
31,450,1.474,57149,2.8777
31,450,1.526,57117,2.8761
31,450,1.577,57261,2.8834
31,450,1.628,57229,2.8818
31,450,1.680,56925,2.8664
31,450,1.731,56845,2.8624
31,450,1.782,56893,2.8648
31,450,1.833,57502,2.8955
31,450,1.885,56685,2.8544
31,450,1.936,56909,2.8656
31,450,1.987,56813,2.8608
31,450,2.039,56973,2.8689
31,450,2.090,57005,2.8705
31,450,2.141,57341,2.8874
31,450,2.192,57245,2.8826
31,450,2.243,57229,2.8818
31,450,2.294,57165,2.8785
31,450,2.348,57341,2.8874
31,450,2.400,57229,2.8818
31,450,2.451,57101,2.8753
31,450,2.503,57454,2.8931
31,450,2.554,57341,2.8874
31,450,2.605,57245,2.8826
31,450,2.657,56925,2.8664
31,450,2.708,56765,2.8584
31,450,2.759,56621,2.8511
31,450,2.811,57309,2.8858
31,450,2.862,56893,2.8648
31,450,2.913,56733,2.8568
31,450,2.964,57245,2.8826
32,450,0.000,57197,2.8801
32,450,0.097,57325,2.8866
32,450,0.149,57374,2.8891
32,450,0.200,57021,2.8713
32,450,0.251,57309,2.8858
32,450,0.302,57213,2.8809
32,450,0.353,57085,2.8745
32,450,0.405,57149,2.8777
32,450,0.456,57293,2.8850
32,450,0.507,56941,2.8673
32,450,0.559,57550,2.8979
32,450,0.610,57390,2.8899
32,450,0.661,57069,2.8737
32,450,0.712,57261,2.8834
32,450,0.763,57117,2.8761
32,450,0.814,57341,2.8874
32,450,0.865,57534,2.8971
32,450,0.916,57133,2.8769
32,450,0.967,57438,2.8923
32,450,1.019,56941,2.8673
32,450,1.070,56941,2.8673
32,450,1.121,57454,2.8931
32,450,1.172,57710,2.9060
32,450,1.224,57229,2.8818
32,450,1.275,57550,2.8979
32,450,1.326,57550,2.8979
32,450,1.378,57341,2.8874
32,450,1.457,57197,2.8801
32,450,1.509,57341,2.8874
32,450,1.560,57630,2.9019
32,450,1.611,57646,2.9028
32,450,1.663,57630,2.9019
32,450,1.714,57101,2.8753
32,450,1.765,57341,2.8874
32,450,1.816,57341,2.8874
32,450,1.867,57021,2.8713
32,450,1.918,57181,2.8793
32,450,1.969,57341,2.8874
32,450,2.020,57678,2.9044
32,450,2.071,57550,2.8979
32,450,2.122,57598,2.9003
32,450,2.174,57422,2.8915
32,450,2.225,57454,2.8931
32,450,2.276,57374,2.8891
32,450,2.328,57534,2.8971
32,450,2.379,57486,2.8947
32,450,2.430,57502,2.8955
32,450,2.481,57358,2.8882
32,450,2.533,57245,2.8826
32,450,2.584,57710,2.9060
32,450,2.635,57341,2.8874
32,450,2.687,57662,2.9036
32,450,2.738,57341,2.8874
32,450,2.789,57133,2.8769
32,450,2.841,57582,2.8995
32,450,2.892,57101,2.8753
32,450,2.943,57502,2.8955
32,450,2.995,57341,2.8874
33,450,0.000,57534,2.8971
33,450,0.084,57358,2.8882
33,450,0.136,57149,2.8777
33,450,0.187,57646,2.9028
33,450,0.239,57053,2.8729
33,450,0.290,57614,2.9011
33,450,0.341,57438,2.8923
33,450,0.395,57422,2.8915
33,450,0.447,57197,2.8801
33,450,0.498,57486,2.8947
33,450,0.550,57406,2.8907
33,450,0.601,57325,2.8866
33,450,0.652,57341,2.8874
33,450,0.704,58014,2.9213
33,450,0.755,57229,2.8818
33,450,0.806,57886,2.9148
33,450,0.857,57678,2.9044
33,450,0.908,57502,2.8955
33,450,0.959,57822,2.9116
33,450,1.010,57341,2.8874
33,450,1.061,57181,2.8793
33,450,1.112,57341,2.8874
33,450,1.163,57341,2.8874
33,450,1.215,57742,2.9076
33,450,1.266,57341,2.8874
33,450,1.317,57341,2.8874
33,450,1.369,57277,2.8842
33,450,1.420,57502,2.8955
33,450,1.471,57742,2.9076
33,450,1.522,57341,2.8874
33,450,1.574,57486,2.8947
33,450,1.625,57550,2.8979
33,450,1.676,57678,2.9044
33,450,1.728,57374,2.8891
33,450,1.779,57325,2.8866
33,450,1.830,57358,2.8882
33,450,1.881,57630,2.9019
33,450,1.933,57678,2.9044
33,450,1.984,57598,2.9003
33,450,2.035,57341,2.8874
33,450,2.087,57181,2.8793
33,450,2.138,57374,2.8891
33,450,2.189,57325,2.8866
33,450,2.241,57374,2.8891
33,450,2.292,57293,2.8850
33,450,2.343,57341,2.8874
33,450,2.394,57229,2.8818
33,450,2.447,57550,2.8979
33,450,2.499,57678,2.9044
33,450,2.550,57341,2.8874
33,450,2.601,57550,2.8979
33,450,2.652,57390,2.8899
33,450,2.703,57406,2.8907
33,450,2.754,57550,2.8979
33,450,2.805,57245,2.8826
33,450,2.856,57934,2.9173
33,450,2.907,57950,2.9181
33,450,2.959,57358,2.8882
34,500,0.001,58670,2.9543
34,500,0.090,58574,2.9495
34,500,0.142,58558,2.9487
34,500,0.194,57998,2.9205
34,500,0.245,58286,2.9350
34,500,0.296,58670,2.9543
34,500,0.348,58094,2.9253
34,500,0.399,58510,2.9463
34,500,0.450,58206,2.9309
34,500,0.501,58430,2.9422
34,500,0.552,58590,2.9503
34,500,0.603,58078,2.9245
34,500,0.654,58382,2.9398
34,500,0.705,58238,2.9326
34,500,0.756,58590,2.9503
34,500,0.808,58814,2.9616
34,500,0.859,58638,2.9527
34,500,0.910,58830,2.9624
34,500,0.961,58094,2.9253
34,500,1.013,58686,2.9551
34,500,1.064,58830,2.9624
34,500,1.115,58382,2.9398
34,500,1.167,58350,2.9382
34,500,1.218,58526,2.9471
34,500,1.269,58926,2.9672
34,500,1.321,58734,2.9575
34,500,1.372,58702,2.9559
34,500,1.423,58894,2.9656
34,500,1.477,58286,2.9350
34,500,1.529,58894,2.9656
34,500,1.580,58798,2.9608
34,500,1.631,58318,2.9366
34,500,1.682,58142,2.9277
34,500,1.733,58126,2.9269
34,500,1.785,59054,2.9737
34,500,1.836,58382,2.9398
34,500,1.887,58718,2.9567
34,500,1.939,58254,2.9334
34,500,1.990,58030,2.9221
34,500,2.041,58078,2.9245
34,500,2.092,58526,2.9471
34,500,2.143,58558,2.9487
34,500,2.194,58430,2.9422
34,500,2.246,58014,2.9213
34,500,2.297,58526,2.9471
34,500,2.348,58574,2.9495
34,500,2.399,58206,2.9309
34,500,2.451,58574,2.9495
34,500,2.502,58206,2.9309
34,500,2.553,58590,2.9503
34,500,2.605,58158,2.9285
34,500,2.656,58606,2.9511
34,500,2.707,58654,2.9535
34,500,2.758,58670,2.9543
34,500,2.809,58350,2.9382
34,500,2.860,58830,2.9624
34,500,2.911,58526,2.9471
34,500,2.963,58830,2.9624
35,500,0.000,59198,2.9809
35,500,0.094,58814,2.9616
35,500,0.146,58734,2.9575
35,500,0.198,58606,2.9511
35,500,0.249,59118,2.9769
35,500,0.300,59294,2.9857
35,500,0.352,58638,2.9527
35,500,0.403,58670,2.9543
35,500,0.454,58942,2.9680
35,500,0.506,58862,2.9640
35,500,0.588,58654,2.9535
35,500,0.640,58958,2.9688
35,500,0.691,58446,2.9430
35,500,0.742,58478,2.9446
35,500,0.794,59086,2.9753
35,500,0.845,59086,2.9753
35,500,0.896,59246,2.9833
35,500,0.948,58542,2.9479
35,500,0.999,58478,2.9446
35,500,1.050,58894,2.9656
35,500,1.102,59278,2.9849
35,500,1.153,58910,2.9664
35,500,1.204,59022,2.9720
35,500,1.255,59246,2.9833
35,500,1.306,59230,2.9825
35,500,1.357,58766,2.9591
35,500,1.408,58702,2.9559
35,500,1.459,59294,2.9857
35,500,1.510,58622,2.9519
35,500,1.561,58654,2.9535
35,500,1.613,58814,2.9616
35,500,1.664,59278,2.9849
35,500,1.715,59214,2.9817
35,500,1.767,58862,2.9640
35,500,1.818,58702,2.9559
35,500,1.869,59182,2.9801
35,500,1.920,58830,2.9624
35,500,1.972,59038,2.9728
35,500,2.023,58814,2.9616
35,500,2.074,58766,2.9591
35,500,2.126,59086,2.9753
35,500,2.177,59422,2.9922
35,500,2.228,58542,2.9479
35,500,2.279,58910,2.9664
35,500,2.330,58798,2.9608
35,500,2.381,59118,2.9769
35,500,2.432,58526,2.9471
35,500,2.484,58894,2.9656
35,500,2.535,58782,2.9600
35,500,2.589,58798,2.9608
35,500,2.641,58990,2.9704
35,500,2.692,59358,2.9890
35,500,2.744,59150,2.9785
35,500,2.795,58638,2.9527
35,500,2.846,58974,2.9696
35,500,2.897,58878,2.9648
35,500,2.948,58686,2.9551
35,500,2.999,59358,2.9890
36,500,0.000,59182,2.9801
36,500,0.088,59150,2.9785
36,500,0.140,58590,2.9503
36,500,0.192,59166,2.9793
36,500,0.243,59198,2.9809
36,500,0.294,58702,2.9559
36,500,0.345,58942,2.9680
36,500,0.396,58638,2.9527
36,500,0.447,58574,2.9495
36,500,0.498,59358,2.9890
36,500,0.549,59150,2.9785
36,500,0.600,59038,2.9728
36,500,0.651,58990,2.9704
36,500,0.703,58926,2.9672
36,500,0.754,59102,2.9761
36,500,0.805,58670,2.9543
36,500,0.857,58382,2.9398
36,500,0.908,58958,2.9688
36,500,0.959,59454,2.9938
36,500,1.011,58670,2.9543
36,500,1.062,58846,2.9632
36,500,1.113,58606,2.9511
36,500,1.165,58574,2.9495
36,500,1.216,59150,2.9785
36,500,1.267,59022,2.9720
36,500,1.318,58926,2.9672
36,500,1.369,58846,2.9632
36,500,1.420,59262,2.9841
36,500,1.471,58830,2.9624
36,500,1.523,58942,2.9680
36,500,1.576,58574,2.9495
36,500,1.628,59086,2.9753
36,500,1.679,59182,2.9801
36,500,1.730,58814,2.9616
36,500,1.781,59470,2.9946
36,500,1.832,59454,2.9938
36,500,1.883,58718,2.9567
36,500,1.935,58942,2.9680
36,500,1.986,59310,2.9865
36,500,2.037,58718,2.9567
36,500,2.088,58654,2.9535
36,500,2.140,58782,2.9600
36,500,2.191,59086,2.9753
36,500,2.242,59022,2.9720
36,500,2.293,59342,2.9882
36,500,2.345,59326,2.9873
36,500,2.396,58574,2.9495
36,500,2.447,59278,2.9849
36,500,2.499,58670,2.9543
36,500,2.550,59054,2.9737
36,500,2.601,59406,2.9914
36,500,2.652,58974,2.9696
36,500,2.704,58958,2.9688
36,500,2.755,58878,2.9648
36,500,2.806,58894,2.9656
36,500,2.858,58766,2.9591
36,500,2.909,59118,2.9769
36,500,2.960,58670,2.9543
37,600,0.001,59246,2.9833
37,600,0.096,59166,2.9793
37,600,0.148,58670,2.9543
37,600,0.200,59294,2.9857
37,600,0.251,58862,2.9640
37,600,0.302,58990,2.9704
37,600,0.354,59374,2.9898
37,600,0.405,59342,2.9882
37,600,0.456,59422,2.9922
37,600,0.507,59278,2.9849
37,600,0.558,59278,2.9849
37,600,0.609,59742,3.0083
37,600,0.663,59406,2.9914
37,600,0.715,59086,2.9753
37,600,0.766,59406,2.9914
37,600,0.817,58894,2.9656
37,600,0.868,59054,2.9737
37,600,0.920,59598,3.0010
37,600,0.971,59182,2.9801
37,600,1.022,59070,2.9745
37,600,1.073,59182,2.9801
37,600,1.125,59038,2.9728
37,600,1.176,58910,2.9664
37,600,1.227,59118,2.9769
37,600,1.278,59326,2.9873
37,600,1.329,58990,2.9704
37,600,1.380,59166,2.9793
37,600,1.431,59278,2.9849
37,600,1.483,59054,2.9737
37,600,1.534,58846,2.9632
37,600,1.585,59614,3.0018
37,600,1.637,59342,2.9882
37,600,1.688,58734,2.9575
37,600,1.739,59326,2.9873
37,600,1.790,59406,2.9914
37,600,1.841,59230,2.9825
37,600,1.892,59342,2.9882
37,600,1.943,59310,2.9865
37,600,1.995,58974,2.9696
37,600,2.046,59358,2.9890
37,600,2.097,58830,2.9624
37,600,2.149,58910,2.9664
37,600,2.200,59470,2.9946
37,600,2.251,58846,2.9632
37,600,2.302,58830,2.9624
37,600,2.353,59550,2.9986
37,600,2.404,59054,2.9737
37,600,2.455,59662,3.0043
37,600,2.506,58766,2.9591
37,600,2.557,59614,3.0018
37,600,2.609,58718,2.9567
37,600,2.692,59230,2.9825
37,600,2.744,59278,2.9849
37,600,2.795,58942,2.9680
37,600,2.846,59454,2.9938
37,600,2.898,59598,3.0010
37,600,2.949,59166,2.9793
38,600,0.001,60094,3.0260
38,600,0.082,60110,3.0268
38,600,0.134,59598,3.0010
38,600,0.186,60334,3.0381
38,600,0.237,60238,3.0333
38,600,0.288,60222,3.0325
38,600,0.340,59998,3.0212
38,600,0.391,59966,3.0196
38,600,0.442,59790,3.0107
38,600,0.494,59902,3.0164
38,600,0.545,60206,3.0317
38,600,0.596,60494,3.0462
38,600,0.648,60414,3.0421
38,600,0.699,59998,3.0212
38,600,0.750,59838,3.0131
38,600,0.801,60254,3.0341
38,600,0.853,59918,3.0172
38,600,0.904,60222,3.0325
38,600,0.955,59966,3.0196
38,600,1.007,59790,3.0107
38,600,1.058,60350,3.0389
38,600,1.109,60190,3.0309
38,600,1.161,59726,3.0075
38,600,1.212,60222,3.0325
38,600,1.263,60350,3.0389
38,600,1.315,60190,3.0309
38,600,1.366,60254,3.0341
38,600,1.417,60366,3.0397
38,600,1.468,59678,3.0051
38,600,1.519,59710,3.0067
38,600,1.570,60526,3.0478
38,600,1.621,59966,3.0196
38,600,1.673,59870,3.0147
38,600,1.726,59886,3.0155
38,600,1.778,59678,3.0051
38,600,1.829,60078,3.0252
38,600,1.880,59742,3.0083
38,600,1.932,59870,3.0147
38,600,1.983,60078,3.0252
38,600,2.034,59902,3.0164
38,600,2.086,59886,3.0155
38,600,2.137,59742,3.0083
38,600,2.188,60110,3.0268
38,600,2.239,60094,3.0260
38,600,2.290,60126,3.0276
38,600,2.341,59614,3.0018
38,600,2.392,59694,3.0059
38,600,2.444,59774,3.0099
38,600,2.495,60350,3.0389
38,600,2.546,59806,3.0115
38,600,2.597,59790,3.0107
38,600,2.648,60142,3.0284
38,600,2.699,59934,3.0180
38,600,2.750,60302,3.0365
38,600,2.801,59822,3.0123
38,600,2.852,59726,3.0075
38,600,2.903,60094,3.0260
38,600,2.955,60302,3.0365
39,600,0.001,60334,3.0381
39,600,0.090,59934,3.0180
39,600,0.142,59918,3.0172
39,600,0.193,59758,3.0091
39,600,0.244,59886,3.0155
39,600,0.295,59998,3.0212
39,600,0.346,60094,3.0260
39,600,0.402,59902,3.0164
39,600,0.454,60014,3.0220
39,600,0.505,59742,3.0083
39,600,0.556,59806,3.0115
39,600,0.608,60046,3.0236
39,600,0.659,59886,3.0155
39,600,0.710,60462,3.0446
39,600,0.764,60014,3.0220
39,600,0.816,60046,3.0236
39,600,0.867,59870,3.0147
39,600,0.918,60526,3.0478
39,600,0.969,59710,3.0067
39,600,1.020,60142,3.0284
39,600,1.071,60334,3.0381
39,600,1.122,60190,3.0309
39,600,1.174,59758,3.0091
39,600,1.225,60398,3.0413
39,600,1.276,59982,3.0204
39,600,1.327,59790,3.0107
39,600,1.379,60462,3.0446
39,600,1.430,59854,3.0139
39,600,1.481,59758,3.0091
39,600,1.532,59742,3.0083
39,600,1.583,59838,3.0131
39,600,1.634,59694,3.0059
39,600,1.685,59742,3.0083
39,600,1.736,60238,3.0333
39,600,1.787,59982,3.0204
39,600,1.838,60222,3.0325
39,600,1.889,59854,3.0139
39,600,1.940,59870,3.0147
39,600,1.991,59854,3.0139
39,600,2.043,60094,3.0260
39,600,2.094,59870,3.0147
39,600,2.145,60078,3.0252
39,600,2.197,60078,3.0252
39,600,2.248,60350,3.0389
39,600,2.299,59598,3.0010
39,600,2.351,59886,3.0155
39,600,2.402,59854,3.0139
39,600,2.453,60270,3.0349
39,600,2.504,60046,3.0236
39,600,2.555,60302,3.0365
39,600,2.606,60590,3.0510
39,600,2.657,60334,3.0381
39,600,2.708,60350,3.0389
39,600,2.759,60334,3.0381
39,600,2.813,60126,3.0276
39,600,2.865,59934,3.0180
39,600,2.916,60430,3.0429
39,600,2.967,59918,3.0172
40,700,0.000,59582,3.0002
40,700,0.095,59614,3.0018
40,700,0.147,59534,2.9978
40,700,0.198,59278,2.9849
40,700,0.249,59838,3.0131
40,700,0.300,59438,2.9930
40,700,0.351,59470,2.9946
40,700,0.402,59838,3.0131
40,700,0.453,59534,2.9978
40,700,0.504,59422,2.9922
40,700,0.555,59742,3.0083
40,700,0.606,59838,3.0131
40,700,0.657,59742,3.0083
40,700,0.708,59758,3.0091
40,700,0.759,59854,3.0139
40,700,0.810,59406,2.9914
40,700,0.861,59838,3.0131
40,700,0.912,59870,3.0147
40,700,0.963,59950,3.0188
40,700,1.015,59742,3.0083
40,700,1.066,59918,3.0172
40,700,1.117,59694,3.0059
40,700,1.169,59822,3.0123
40,700,1.220,59726,3.0075
40,700,1.271,59934,3.0180
40,700,1.322,59774,3.0099
40,700,1.373,59598,3.0010
40,700,1.424,60318,3.0373
40,700,1.475,59438,2.9930
40,700,1.527,59934,3.0180
40,700,1.578,59598,3.0010
40,700,1.629,59838,3.0131
40,700,1.681,59662,3.0043
40,700,1.732,59726,3.0075
40,700,1.783,59934,3.0180
40,700,1.866,59806,3.0115
40,700,1.918,60190,3.0309
40,700,1.969,59566,2.9994
40,700,2.020,59886,3.0155
40,700,2.071,59486,2.9954
40,700,2.122,59598,3.0010
40,700,2.173,59694,3.0059
40,700,2.225,59998,3.0212
40,700,2.276,59678,3.0051
40,700,2.327,59982,3.0204
40,700,2.379,60238,3.0333
40,700,2.430,59966,3.0196
40,700,2.481,60222,3.0325
40,700,2.532,59902,3.0164
40,700,2.584,59630,3.0027
40,700,2.635,60094,3.0260
40,700,2.686,59598,3.0010
40,700,2.738,59726,3.0075
40,700,2.789,60014,3.0220
40,700,2.840,60286,3.0357
40,700,2.891,59934,3.0180
40,700,2.943,59886,3.0155
40,700,2.994,59454,2.9938
41,700,0.001,59966,3.0196
41,700,0.083,59822,3.0123
41,700,0.135,59502,2.9962
41,700,0.187,59950,3.0188
41,700,0.238,59982,3.0204
41,700,0.289,59662,3.0043
41,700,0.341,59758,3.0091
41,700,0.392,59630,3.0027
41,700,0.443,59822,3.0123
41,700,0.495,59870,3.0147
41,700,0.546,60094,3.0260
41,700,0.597,59550,2.9986
41,700,0.649,59950,3.0188
41,700,0.700,60014,3.0220
41,700,0.751,59566,2.9994
41,700,0.802,60062,3.0244
41,700,0.856,59806,3.0115
41,700,0.908,59934,3.0180
41,700,0.960,59582,3.0002
41,700,1.011,60014,3.0220
41,700,1.062,59470,2.9946
41,700,1.114,60062,3.0244
41,700,1.165,60382,3.0405
41,700,1.216,60126,3.0276
41,700,1.268,60174,3.0300
41,700,1.319,59710,3.0067
41,700,1.370,59422,2.9922
41,700,1.421,59726,3.0075
41,700,1.473,60126,3.0276
41,700,1.524,60206,3.0317
41,700,1.575,60190,3.0309
41,700,1.627,60046,3.0236
41,700,1.678,59566,2.9994
41,700,1.729,59822,3.0123
41,700,1.780,59662,3.0043
41,700,1.831,59486,2.9954
41,700,1.882,59742,3.0083
41,700,1.933,60062,3.0244
41,700,1.985,59422,2.9922
41,700,2.036,59982,3.0204
41,700,2.087,60222,3.0325
41,700,2.139,59934,3.0180
41,700,2.190,59902,3.0164
41,700,2.241,60110,3.0268
41,700,2.292,60206,3.0317
41,700,2.343,59806,3.0115
41,700,2.394,59934,3.0180
41,700,2.446,59870,3.0147
41,700,2.497,59470,2.9946
41,700,2.548,59566,2.9994
41,700,2.599,59678,3.0051
41,700,2.651,59822,3.0123
41,700,2.702,59470,2.9946
41,700,2.753,59614,3.0018
41,700,2.805,60062,3.0244
41,700,2.856,59982,3.0204
41,700,2.910,60222,3.0325
41,700,2.962,59790,3.0107
42,700,0.000,59838,3.0131
42,700,0.090,60222,3.0325
42,700,0.142,60414,3.0421
42,700,0.193,60142,3.0284
42,700,0.245,60558,3.0494
42,700,0.296,60398,3.0413
42,700,0.347,60382,3.0405
42,700,0.398,59966,3.0196
42,700,0.449,60110,3.0268
42,700,0.500,60654,3.0542
42,700,0.552,59934,3.0180
42,700,0.603,60046,3.0236
42,700,0.654,60126,3.0276
42,700,0.705,60686,3.0558
42,700,0.757,60334,3.0381
42,700,0.808,60046,3.0236
42,700,0.859,59806,3.0115
42,700,0.911,60366,3.0397
42,700,0.962,60078,3.0252
42,700,1.013,60526,3.0478
42,700,1.065,59966,3.0196
42,700,1.116,59966,3.0196
42,700,1.167,60478,3.0454
42,700,1.218,60350,3.0389
42,700,1.269,60110,3.0268
42,700,1.320,60494,3.0462
42,700,1.371,60094,3.0260
42,700,1.423,60510,3.0470
42,700,1.474,60510,3.0470
42,700,1.525,59838,3.0131
42,700,1.577,60510,3.0470
42,700,1.628,60366,3.0397
42,700,1.679,60302,3.0365
42,700,1.731,60318,3.0373
42,700,1.782,60110,3.0268
42,700,1.833,59870,3.0147
42,700,1.884,60622,3.0526
42,700,1.938,60590,3.0510
42,700,1.990,60302,3.0365
42,700,2.042,59854,3.0139
42,700,2.093,60110,3.0268
42,700,2.144,60494,3.0462
42,700,2.196,60158,3.0292
42,700,2.247,60590,3.0510
42,700,2.298,59998,3.0212
42,700,2.349,60462,3.0446
42,700,2.400,60318,3.0373
42,700,2.451,60126,3.0276
42,700,2.502,60238,3.0333
42,700,2.554,60382,3.0405
42,700,2.605,60350,3.0389
42,700,2.656,60190,3.0309
42,700,2.708,60814,3.0623
42,700,2.759,59886,3.0155
42,700,2.810,59934,3.0180
42,700,2.861,59854,3.0139
42,700,2.912,60574,3.0502
42,700,2.963,60142,3.0284
43,800,0.001,61230,3.0832
43,800,0.095,61230,3.0832
43,800,0.147,61022,3.0727
43,800,0.199,60606,3.0518
43,800,0.250,60910,3.0671
43,800,0.301,61358,3.0897
43,800,0.352,60782,3.0607
43,800,0.404,60638,3.0534
43,800,0.455,61166,3.0800
43,800,0.506,60638,3.0534
43,800,0.557,61278,3.0856
43,800,0.609,60942,3.0687
43,800,0.660,60846,3.0639
43,800,0.711,60974,3.0703
43,800,0.763,61006,3.0719
43,800,0.814,61246,3.0840
43,800,0.865,61038,3.0736
43,800,0.916,60622,3.0526
43,800,0.967,60830,3.0631
43,800,1.050,61214,3.0824
43,800,1.102,61070,3.0752
43,800,1.153,60734,3.0582
43,800,1.204,61342,3.0889
43,800,1.255,60686,3.0558
43,800,1.306,61102,3.0768
43,800,1.357,60782,3.0607
43,800,1.408,60862,3.0647
43,800,1.459,61118,3.0776
43,800,1.510,60766,3.0599
43,800,1.561,60894,3.0663
43,800,1.612,60846,3.0639
43,800,1.664,60846,3.0639
43,800,1.715,61198,3.0816
43,800,1.766,61102,3.0768
43,800,1.818,61246,3.0840
43,800,1.869,61134,3.0784
43,800,1.920,60846,3.0639
43,800,1.971,61006,3.0719
43,800,2.023,60766,3.0599
43,800,2.074,61278,3.0856
43,800,2.125,60814,3.0623
43,800,2.177,60702,3.0566
43,800,2.228,61022,3.0727
43,800,2.279,61262,3.0848
43,800,2.331,60686,3.0558
43,800,2.382,60878,3.0655
43,800,2.433,61118,3.0776
43,800,2.484,61006,3.0719
43,800,2.535,60942,3.0687
43,800,2.586,61006,3.0719
43,800,2.637,60830,3.0631
43,800,2.688,60958,3.0695
43,800,2.739,60814,3.0623
43,800,2.790,61102,3.0768
43,800,2.841,60846,3.0639
43,800,2.892,60574,3.0502
43,800,2.943,61182,3.0808
43,800,2.997,61166,3.0800
44,800,0.000,60974,3.0703
44,800,0.087,60830,3.0631
44,800,0.139,60990,3.0711
44,800,0.191,60846,3.0639
44,800,0.242,60654,3.0542
44,800,0.293,60702,3.0566
44,800,0.345,60766,3.0599
44,800,0.396,60926,3.0679
44,800,0.447,60638,3.0534
44,800,0.499,61038,3.0736
44,800,0.550,60734,3.0582
44,800,0.601,61166,3.0800
44,800,0.652,61134,3.0784
44,800,0.704,60894,3.0663
44,800,0.755,60718,3.0574
44,800,0.806,60990,3.0711
44,800,0.858,61150,3.0792
44,800,0.909,60734,3.0582
44,800,0.960,60494,3.0462
44,800,1.012,61102,3.0768
44,800,1.063,60974,3.0703
44,800,1.114,60638,3.0534
44,800,1.166,60830,3.0631
44,800,1.217,60974,3.0703
44,800,1.268,61118,3.0776
44,800,1.319,61022,3.0727
44,800,1.370,60702,3.0566
44,800,1.421,61118,3.0776
44,800,1.472,61022,3.0727
44,800,1.524,60894,3.0663
44,800,1.575,61214,3.0824
44,800,1.626,61150,3.0792
44,800,1.678,61230,3.0832
44,800,1.729,61022,3.0727
44,800,1.780,60574,3.0502
44,800,1.831,60942,3.0687
44,800,1.883,60510,3.0470
44,800,1.934,61214,3.0824
44,800,1.985,61022,3.0727
44,800,2.039,60990,3.0711
44,800,2.091,61102,3.0768
44,800,2.143,60862,3.0647
44,800,2.194,60670,3.0550
44,800,2.245,60814,3.0623
44,800,2.297,60638,3.0534
44,800,2.348,61022,3.0727
44,800,2.399,60814,3.0623
44,800,2.451,60654,3.0542
44,800,2.502,61166,3.0800
44,800,2.553,60750,3.0591
44,800,2.604,60686,3.0558
44,800,2.656,60878,3.0655
44,800,2.707,60846,3.0639
44,800,2.758,61150,3.0792
44,800,2.809,60590,3.0510
44,800,2.860,60654,3.0542
44,800,2.911,60990,3.0711
44,800,2.962,60510,3.0470
45,800,0.000,61006,3.0719
45,800,0.091,60814,3.0623
45,800,0.143,60750,3.0591
45,800,0.194,60638,3.0534
45,800,0.245,61198,3.0816
45,800,0.297,61438,3.0937
45,800,0.348,61118,3.0776
45,800,0.399,61262,3.0848
45,800,0.451,61102,3.0768
45,800,0.502,61214,3.0824
45,800,0.553,60830,3.0631
45,800,0.604,61166,3.0800
45,800,0.655,60766,3.0599
45,800,0.706,60622,3.0526
45,800,0.757,60654,3.0542
45,800,0.809,61022,3.0727
45,800,0.860,61262,3.0848
45,800,0.911,60734,3.0582
45,800,0.962,60718,3.0574
45,800,1.013,60574,3.0502
45,800,1.067,61102,3.0768
45,800,1.119,61278,3.0856
45,800,1.170,61134,3.0784
45,800,1.221,61406,3.0921
45,800,1.273,61326,3.0881
45,800,1.324,61214,3.0824
45,800,1.375,61182,3.0808
45,800,1.427,60910,3.0671
45,800,1.478,60654,3.0542
45,800,1.529,61262,3.0848
45,800,1.580,60942,3.0687
45,800,1.631,60734,3.0582
45,800,1.682,60830,3.0631
45,800,1.733,61342,3.0889
45,800,1.785,61214,3.0824
45,800,1.836,60750,3.0591
45,800,1.887,60542,3.0486
45,800,1.939,60654,3.0542
45,800,1.990,60734,3.0582
45,800,2.041,60702,3.0566
45,800,2.092,61038,3.0736
45,800,2.143,60862,3.0647
45,800,2.194,60686,3.0558
45,800,2.245,61022,3.0727
45,800,2.296,60638,3.0534
45,800,2.347,60638,3.0534
45,800,2.398,60014,3.0220
45,800,2.449,60062,3.0244
45,800,2.500,59998,3.0212
45,800,2.551,60638,3.0534
45,800,2.603,60590,3.0510
45,800,2.654,60910,3.0671
45,800,2.705,61198,3.0816
45,800,2.757,61150,3.0792
45,800,2.808,61022,3.0727
45,800,2.859,61118,3.0776
45,800,2.911,60766,3.0599
45,800,2.962,60686,3.0558
46,900,0.000,60478,3.0454
46,900,0.128,60174,3.0300
46,900,0.179,60558,3.0494
46,900,0.230,60718,3.0574
46,900,0.281,60382,3.0405
46,900,0.333,60734,3.0582
46,900,0.384,60606,3.0518
46,900,0.435,60558,3.0494
46,900,0.486,60382,3.0405
46,900,0.537,60702,3.0566
46,900,0.588,60094,3.0260
46,900,0.640,60686,3.0558
46,900,0.691,60318,3.0373
46,900,0.742,60446,3.0437
46,900,0.793,60302,3.0365
46,900,0.845,60110,3.0268
46,900,0.896,60254,3.0341
46,900,0.947,60622,3.0526
46,900,0.999,59998,3.0212
46,900,1.050,60494,3.0462
46,900,1.101,60110,3.0268
46,900,1.152,60238,3.0333
46,900,1.203,60510,3.0470
46,900,1.254,60718,3.0574
46,900,1.305,60446,3.0437
46,900,1.356,60318,3.0373
46,900,1.407,59982,3.0204
46,900,1.458,60510,3.0470
46,900,1.509,60862,3.0647
46,900,1.560,60558,3.0494
46,900,1.611,60606,3.0518
46,900,1.663,60750,3.0591
46,900,1.714,60702,3.0566
46,900,1.765,60814,3.0623
46,900,1.817,60526,3.0478
46,900,1.868,60430,3.0429
46,900,1.919,60558,3.0494
46,900,1.970,60958,3.0695
46,900,2.021,60654,3.0542
46,900,2.072,60478,3.0454
46,900,2.123,60222,3.0325
46,900,2.177,60462,3.0446
46,900,2.229,60638,3.0534
46,900,2.281,60878,3.0655
46,900,2.332,60094,3.0260
46,900,2.383,60174,3.0300
46,900,2.435,60750,3.0591
46,900,2.486,60142,3.0284
46,900,2.537,60638,3.0534
46,900,2.588,60462,3.0446
46,900,2.639,60222,3.0325
46,900,2.690,60606,3.0518
46,900,2.741,60574,3.0502
46,900,2.793,60062,3.0244
46,900,2.844,60446,3.0437
46,900,2.895,60670,3.0550
46,900,2.947,59982,3.0204
46,900,2.998,60718,3.0574
47,900,0.000,60814,3.0623
47,900,0.086,61214,3.0824
47,900,0.138,61022,3.0727
47,900,0.190,60830,3.0631
47,900,0.241,60942,3.0687
47,900,0.292,61214,3.0824
47,900,0.343,61214,3.0824
47,900,0.394,60766,3.0599
47,900,0.445,60574,3.0502
47,900,0.496,60782,3.0607
47,900,0.547,61326,3.0881
47,900,0.598,61358,3.0897
47,900,0.650,61390,3.0913
47,900,0.701,61342,3.0889
47,900,0.752,60958,3.0695
47,900,0.803,61006,3.0719
47,900,0.855,60718,3.0574
47,900,0.906,61102,3.0768
47,900,0.957,60958,3.0695
47,900,1.009,61134,3.0784
47,900,1.060,60878,3.0655
47,900,1.111,61134,3.0784
47,900,1.165,61166,3.0800
47,900,1.217,61070,3.0752
47,900,1.268,60894,3.0663
47,900,1.320,60894,3.0663
47,900,1.371,61471,3.0954
47,900,1.422,60734,3.0582
47,900,1.473,61134,3.0784
47,900,1.524,61455,3.0946
47,900,1.575,60750,3.0591
47,900,1.627,61246,3.0840
47,900,1.678,61118,3.0776
47,900,1.729,60750,3.0591
47,900,1.780,60766,3.0599
47,900,1.832,61102,3.0768
47,900,1.883,61326,3.0881
47,900,1.934,61118,3.0776
47,900,1.985,61262,3.0848
47,900,2.036,60894,3.0663
47,900,2.087,60862,3.0647
47,900,2.138,60926,3.0679
47,900,2.190,61278,3.0856
47,900,2.241,60878,3.0655
47,900,2.292,61086,3.0760
47,900,2.344,61342,3.0889
47,900,2.395,61198,3.0816
47,900,2.446,60942,3.0687
47,900,2.497,61150,3.0792
47,900,2.548,60686,3.0558
47,900,2.599,60862,3.0647
47,900,2.650,61150,3.0792
47,900,2.702,61214,3.0824
47,900,2.753,61198,3.0816
47,900,2.804,61374,3.0905
47,900,2.856,61118,3.0776
47,900,2.907,60878,3.0655
47,900,2.958,61455,3.0946
48,900,0.000,61118,3.0776
48,900,0.094,61198,3.0816
48,900,0.146,60814,3.0623
48,900,0.200,60846,3.0639
48,900,0.252,60590,3.0510
48,900,0.304,61038,3.0736
48,900,0.355,61134,3.0784
48,900,0.406,61342,3.0889
48,900,0.458,61246,3.0840
48,900,0.509,60766,3.0599
48,900,0.560,61166,3.0800
48,900,0.611,61230,3.0832
48,900,0.663,61182,3.0808
48,900,0.714,61198,3.0816
48,900,0.765,61262,3.0848
48,900,0.816,61246,3.0840
48,900,0.867,61262,3.0848
48,900,0.918,61438,3.0937
48,900,0.970,60974,3.0703
48,900,1.021,61406,3.0921
48,900,1.072,61198,3.0816
48,900,1.123,60830,3.0631
48,900,1.175,61390,3.0913
48,900,1.226,61246,3.0840
48,900,1.277,61150,3.0792
48,900,1.329,60894,3.0663
48,900,1.380,61262,3.0848
48,900,1.431,61022,3.0727
48,900,1.482,60846,3.0639
48,900,1.534,61150,3.0792
48,900,1.585,61118,3.0776
48,900,1.636,61134,3.0784
48,900,1.688,61342,3.0889
48,900,1.739,60894,3.0663
48,900,1.790,61070,3.0752
48,900,1.842,61006,3.0719
48,900,1.893,61118,3.0776
48,900,1.944,60686,3.0558
48,900,1.995,60734,3.0582
48,900,2.047,61358,3.0897
48,900,2.098,61118,3.0776
48,900,2.149,60942,3.0687
48,900,2.201,60958,3.0695
48,900,2.283,60910,3.0671
48,900,2.335,61342,3.0889
48,900,2.386,60782,3.0607
48,900,2.437,61102,3.0768
48,900,2.489,61006,3.0719
48,900,2.540,61374,3.0905
48,900,2.591,61310,3.0873
48,900,2.642,61150,3.0792
48,900,2.694,60862,3.0647
48,900,2.745,60830,3.0631
48,900,2.796,61166,3.0800
48,900,2.847,61214,3.0824
48,900,2.899,61583,3.1010
48,900,2.950,61150,3.0792
49,1000,0.000,61471,3.0954
49,1000,0.081,61471,3.0954
49,1000,0.133,61583,3.1010
49,1000,0.184,61358,3.0897
49,1000,0.235,61455,3.0946
49,1000,0.286,61535,3.0986
49,1000,0.338,61438,3.0937
49,1000,0.389,61390,3.0913
49,1000,0.440,61262,3.0848
49,1000,0.492,61775,3.1107
49,1000,0.543,61358,3.0897
49,1000,0.594,61070,3.0752
49,1000,0.646,61711,3.1074
49,1000,0.697,61422,3.0929
49,1000,0.748,61278,3.0856
49,1000,0.799,61471,3.0954
49,1000,0.851,61551,3.0994
49,1000,0.902,61038,3.0736
49,1000,0.953,61519,3.0978
49,1000,1.005,61631,3.1034
49,1000,1.056,61374,3.0905
49,1000,1.107,61551,3.0994
49,1000,1.159,61166,3.0800
49,1000,1.210,61390,3.0913
49,1000,1.263,61455,3.0946
49,1000,1.315,61551,3.0994
49,1000,1.366,61390,3.0913
49,1000,1.417,61679,3.1058
49,1000,1.469,61711,3.1074
49,1000,1.520,61455,3.0946
49,1000,1.571,61022,3.0727
49,1000,1.622,61663,3.1050
49,1000,1.673,61583,3.1010
49,1000,1.724,61182,3.0808
49,1000,1.775,61422,3.0929
49,1000,1.826,61230,3.0832
49,1000,1.877,61583,3.1010
49,1000,1.928,61182,3.0808
49,1000,1.980,61679,3.1058
49,1000,2.031,61759,3.1099
49,1000,2.082,61759,3.1099
49,1000,2.134,61727,3.1082
49,1000,2.185,61919,3.1179
49,1000,2.236,61743,3.1091
49,1000,2.287,61342,3.0889
49,1000,2.338,61150,3.0792
49,1000,2.389,61727,3.1082
49,1000,2.440,61471,3.0954
49,1000,2.491,61663,3.1050
49,1000,2.542,61422,3.0929
49,1000,2.593,61535,3.0986
49,1000,2.645,61422,3.0929
49,1000,2.696,61455,3.0946
49,1000,2.747,61599,3.1018
49,1000,2.799,61679,3.1058
49,1000,2.850,61406,3.0921
49,1000,2.901,61438,3.0937
49,1000,2.952,61455,3.0946
50,1000,0.000,61118,3.0776
50,1000,0.090,60782,3.0607
50,1000,0.142,61294,3.0864
50,1000,0.194,60974,3.0703
50,1000,0.248,61118,3.0776
50,1000,0.300,61134,3.0784
50,1000,0.351,60910,3.0671
50,1000,0.402,61134,3.0784
50,1000,0.454,61262,3.0848
50,1000,0.505,61390,3.0913
50,1000,0.556,60766,3.0599
50,1000,0.607,61358,3.0897
50,1000,0.658,61294,3.0864
50,1000,0.709,61519,3.0978
50,1000,0.760,61471,3.0954
50,1000,0.811,61390,3.0913
50,1000,0.862,60782,3.0607
50,1000,0.914,61166,3.0800
50,1000,0.965,61070,3.0752
50,1000,1.016,61022,3.0727
50,1000,1.067,61631,3.1034
50,1000,1.118,61326,3.0881
50,1000,1.169,61406,3.0921
50,1000,1.220,61294,3.0864
50,1000,1.271,60958,3.0695
50,1000,1.323,61230,3.0832
50,1000,1.374,61102,3.0768
50,1000,1.425,61358,3.0897
50,1000,1.477,61358,3.0897
50,1000,1.528,61134,3.0784
50,1000,1.579,61230,3.0832
50,1000,1.631,61166,3.0800
50,1000,1.682,60974,3.0703
50,1000,1.733,61086,3.0760
50,1000,1.784,61278,3.0856
50,1000,1.836,61054,3.0744
50,1000,1.887,61214,3.0824
50,1000,1.938,61086,3.0760
50,1000,1.989,61519,3.0978
50,1000,2.040,61455,3.0946
50,1000,2.091,61166,3.0800
50,1000,2.142,60606,3.0518
50,1000,2.196,61086,3.0760
50,1000,2.248,61198,3.0816
50,1000,2.299,60734,3.0582
50,1000,2.350,61214,3.0824
50,1000,2.401,61230,3.0832
50,1000,2.452,60878,3.0655
50,1000,2.504,61278,3.0856
50,1000,2.555,60766,3.0599
50,1000,2.606,61294,3.0864
50,1000,2.658,61134,3.0784
50,1000,2.709,60942,3.0687
50,1000,2.760,61214,3.0824
50,1000,2.811,61567,3.1002
50,1000,2.863,60846,3.0639
50,1000,2.914,61310,3.0873
50,1000,2.965,60878,3.0655
51,1000,0.001,61022,3.0727
51,1000,0.095,61342,3.0889
51,1000,0.147,60814,3.0623
51,1000,0.198,61102,3.0768
51,1000,0.250,61070,3.0752
51,1000,0.301,61214,3.0824
51,1000,0.352,60766,3.0599
51,1000,0.404,60830,3.0631
51,1000,0.455,61503,3.0970
51,1000,0.506,60894,3.0663
51,1000,0.557,61134,3.0784
51,1000,0.608,61390,3.0913
51,1000,0.659,61294,3.0864
51,1000,0.710,61262,3.0848
51,1000,0.761,61438,3.0937
51,1000,0.812,61246,3.0840
51,1000,0.864,61102,3.0768
51,1000,0.915,61246,3.0840
51,1000,0.966,61342,3.0889
51,1000,1.017,61278,3.0856
51,1000,1.069,61134,3.0784
51,1000,1.120,60958,3.0695
51,1000,1.203,60974,3.0703
51,1000,1.255,61102,3.0768
51,1000,1.306,60702,3.0566
51,1000,1.358,60654,3.0542
51,1000,1.409,61198,3.0816
51,1000,1.460,61342,3.0889
51,1000,1.511,61070,3.0752
51,1000,1.563,61102,3.0768
51,1000,1.614,61342,3.0889
51,1000,1.665,60910,3.0671
51,1000,1.716,61134,3.0784
51,1000,1.767,61326,3.0881
51,1000,1.818,61102,3.0768
51,1000,1.869,60846,3.0639
51,1000,1.920,61615,3.1026
51,1000,1.971,61487,3.0962
51,1000,2.022,60926,3.0679
51,1000,2.074,61182,3.0808
51,1000,2.125,61134,3.0784
51,1000,2.176,60686,3.0558
51,1000,2.228,60686,3.0558
51,1000,2.279,61519,3.0978
51,1000,2.330,61102,3.0768
51,1000,2.381,61647,3.1042
51,1000,2.433,61342,3.0889
51,1000,2.484,60846,3.0639
51,1000,2.535,61294,3.0864
51,1000,2.587,61262,3.0848
51,1000,2.638,61455,3.0946
51,1000,2.689,61406,3.0921
51,1000,2.741,61150,3.0792
51,1000,2.792,61390,3.0913
51,1000,2.843,61214,3.0824
51,1000,2.894,60910,3.0671
51,1000,2.945,61390,3.0913
51,1000,2.996,61198,3.0816
52,1200,0.000,61615,3.1026
52,1200,0.085,61903,3.1171
52,1200,0.137,61727,3.1082
52,1200,0.188,62127,3.1284
52,1200,0.239,61807,3.1123
52,1200,0.290,62095,3.1268
52,1200,0.341,62047,3.1244
52,1200,0.393,61903,3.1171
52,1200,0.444,62255,3.1348
52,1200,0.495,61999,3.1219
52,1200,0.546,61711,3.1074
52,1200,0.598,61631,3.1034
52,1200,0.649,62015,3.1228
52,1200,0.700,61967,3.1203
52,1200,0.752,62047,3.1244
52,1200,0.803,62127,3.1284
52,1200,0.854,61743,3.1091
52,1200,0.905,62191,3.1316
52,1200,0.956,61583,3.1010
52,1200,1.007,61727,3.1082
52,1200,1.058,61631,3.1034
52,1200,1.109,61711,3.1074
52,1200,1.160,61471,3.0954
52,1200,1.211,61887,3.1163
52,1200,1.262,61887,3.1163
52,1200,1.313,61919,3.1179
52,1200,1.364,62239,3.1340
52,1200,1.415,61422,3.0929
52,1200,1.466,61967,3.1203
52,1200,1.517,61519,3.0978
52,1200,1.568,61647,3.1042
52,1200,1.619,61919,3.1179
52,1200,1.670,61535,3.0986
52,1200,1.721,61438,3.0937
52,1200,1.772,61759,3.1099
52,1200,1.823,61823,3.1131
52,1200,1.875,61631,3.1034
52,1200,1.926,61647,3.1042
52,1200,1.977,61935,3.1187
52,1200,2.031,61695,3.1066
52,1200,2.083,61583,3.1010
52,1200,2.135,61791,3.1115
52,1200,2.186,61455,3.0946
52,1200,2.237,61759,3.1099
52,1200,2.288,61727,3.1082
52,1200,2.339,61775,3.1107
52,1200,2.390,62143,3.1292
52,1200,2.441,61374,3.0905
52,1200,2.493,61855,3.1147
52,1200,2.544,61887,3.1163
52,1200,2.595,61967,3.1203
52,1200,2.647,61711,3.1074
52,1200,2.698,61903,3.1171
52,1200,2.749,61871,3.1155
52,1200,2.801,61519,3.0978
52,1200,2.852,61711,3.1074
52,1200,2.903,61855,3.1147
52,1200,2.954,61679,3.1058
53,1200,0.001,61823,3.1131
53,1200,0.094,61839,3.1139
53,1200,0.146,61727,3.1082
53,1200,0.197,61567,3.1002
53,1200,0.248,61839,3.1139
53,1200,0.300,61887,3.1163
53,1200,0.351,61855,3.1147
53,1200,0.402,61967,3.1203
53,1200,0.453,61615,3.1026
53,1200,0.504,61743,3.1091
53,1200,0.555,62047,3.1244
53,1200,0.606,62047,3.1244
53,1200,0.657,61583,3.1010
53,1200,0.708,62063,3.1252
53,1200,0.760,61919,3.1179
53,1200,0.811,61406,3.0921
53,1200,0.862,61471,3.0954
53,1200,0.913,61326,3.0881
53,1200,0.965,61519,3.0978
53,1200,1.019,61791,3.1115
53,1200,1.071,61807,3.1123
53,1200,1.122,61214,3.0824
53,1200,1.173,61743,3.1091
53,1200,1.225,61599,3.1018
53,1200,1.276,61647,3.1042
53,1200,1.327,61839,3.1139
53,1200,1.379,61583,3.1010
53,1200,1.430,61903,3.1171
53,1200,1.481,61374,3.0905
53,1200,1.532,61839,3.1139
53,1200,1.584,61887,3.1163
53,1200,1.635,61839,3.1139
53,1200,1.686,61759,3.1099
53,1200,1.738,61615,3.1026
53,1200,1.789,61487,3.0962
53,1200,1.840,61551,3.0994
53,1200,1.891,61775,3.1107
53,1200,1.943,61422,3.0929
53,1200,1.994,61535,3.0986
53,1200,2.045,61839,3.1139
53,1200,2.097,61775,3.1107
53,1200,2.148,61743,3.1091
53,1200,2.199,61887,3.1163
53,1200,2.251,61599,3.1018
53,1200,2.302,61487,3.0962
53,1200,2.353,61326,3.0881
53,1200,2.404,61390,3.0913
53,1200,2.455,61358,3.0897
53,1200,2.506,61743,3.1091
53,1200,2.558,62111,3.1276
53,1200,2.609,61951,3.1195
53,1200,2.660,61599,3.1018
53,1200,2.711,61855,3.1147
53,1200,2.763,61711,3.1074
53,1200,2.814,61535,3.0986
53,1200,2.865,61871,3.1155
53,1200,2.917,61631,3.1034
53,1200,2.998,61663,3.1050
54,1200,0.001,61647,3.1042
54,1200,0.082,61647,3.1042
54,1200,0.134,61487,3.0962
54,1200,0.185,61775,3.1107
54,1200,0.236,61519,3.0978
54,1200,0.288,61663,3.1050
54,1200,0.339,61599,3.1018
54,1200,0.390,61406,3.0921
54,1200,0.442,61599,3.1018
54,1200,0.493,61647,3.1042
54,1200,0.544,61839,3.1139
54,1200,0.596,62031,3.1236
54,1200,0.647,61374,3.0905
54,1200,0.698,61631,3.1034
54,1200,0.749,61743,3.1091
54,1200,0.800,61487,3.0962
54,1200,0.851,61839,3.1139
54,1200,0.903,61567,3.1002
54,1200,0.954,61759,3.1099
54,1200,1.005,61599,3.1018
54,1200,1.056,61871,3.1155
54,1200,1.108,61647,3.1042
54,1200,1.159,61711,3.1074
54,1200,1.210,61599,3.1018
54,1200,1.261,61663,3.1050
54,1200,1.312,62047,3.1244
54,1200,1.363,61615,3.1026
54,1200,1.414,61727,3.1082
54,1200,1.465,61759,3.1099
54,1200,1.516,61358,3.0897
54,1200,1.567,61903,3.1171
54,1200,1.618,61342,3.0889
54,1200,1.669,61455,3.0946
54,1200,1.720,61743,3.1091
54,1200,1.772,61647,3.1042
54,1200,1.823,61358,3.0897
54,1200,1.874,61503,3.0970
54,1200,1.928,61615,3.1026
54,1200,1.980,61374,3.0905
54,1200,2.031,61583,3.1010
54,1200,2.082,61775,3.1107
54,1200,2.133,61487,3.0962
54,1200,2.184,61663,3.1050
54,1200,2.235,61839,3.1139
54,1200,2.286,61663,3.1050
54,1200,2.337,61102,3.0768
54,1200,2.388,61887,3.1163
54,1200,2.439,61759,3.1099
54,1200,2.490,61294,3.0864
54,1200,2.541,61390,3.0913
54,1200,2.592,61583,3.1010
54,1200,2.643,61487,3.0962
54,1200,2.695,61711,3.1074
54,1200,2.746,61294,3.0864
54,1200,2.797,61663,3.1050
54,1200,2.849,61326,3.0881
54,1200,2.900,61919,3.1179
54,1200,2.951,61503,3.0970
55,1500,0.000,61775,3.1107
55,1500,0.084,61807,3.1123
55,1500,0.136,61503,3.0970
55,1500,0.188,61535,3.0986
55,1500,0.239,61471,3.0954
55,1500,0.290,61599,3.1018
55,1500,0.342,61967,3.1203
55,1500,0.393,61871,3.1155
55,1500,0.444,61919,3.1179
55,1500,0.495,61631,3.1034
55,1500,0.546,61855,3.1147
55,1500,0.597,61807,3.1123
55,1500,0.648,61615,3.1026
55,1500,0.699,61775,3.1107
55,1500,0.750,61823,3.1131
55,1500,0.801,61759,3.1099
55,1500,0.853,61967,3.1203
55,1500,0.907,61983,3.1211
55,1500,0.959,61967,3.1203
55,1500,1.010,61935,3.1187
55,1500,1.061,61887,3.1163
55,1500,1.113,61759,3.1099
55,1500,1.164,61583,3.1010
55,1500,1.215,62063,3.1252
55,1500,1.266,61727,3.1082
55,1500,1.317,61807,3.1123
55,1500,1.368,61967,3.1203
55,1500,1.420,61679,3.1058
55,1500,1.471,61647,3.1042
55,1500,1.522,61839,3.1139
55,1500,1.573,61711,3.1074
55,1500,1.625,61663,3.1050
55,1500,1.676,61631,3.1034
55,1500,1.727,61583,3.1010
55,1500,1.778,61871,3.1155
55,1500,1.829,61807,3.1123
55,1500,1.880,61631,3.1034
55,1500,1.931,61487,3.0962
55,1500,1.983,61422,3.0929
55,1500,2.034,61358,3.0897
55,1500,2.085,61903,3.1171
55,1500,2.137,61599,3.1018
55,1500,2.188,61855,3.1147
55,1500,2.239,61599,3.1018
55,1500,2.290,61775,3.1107
55,1500,2.341,61711,3.1074
55,1500,2.392,61839,3.1139
55,1500,2.444,61679,3.1058
55,1500,2.495,61807,3.1123
55,1500,2.546,61519,3.0978
55,1500,2.597,61791,3.1115
55,1500,2.649,61503,3.0970
55,1500,2.700,61599,3.1018
55,1500,2.751,61711,3.1074
55,1500,2.802,61711,3.1074
55,1500,2.855,61503,3.0970
55,1500,2.907,61887,3.1163
55,1500,2.958,61839,3.1139
56,1500,0.001,61807,3.1123
56,1500,0.096,62127,3.1284
56,1500,0.148,61791,3.1115
56,1500,0.199,62047,3.1244
56,1500,0.251,61519,3.0978
56,1500,0.302,62031,3.1236
56,1500,0.353,61759,3.1099
56,1500,0.405,61967,3.1203
56,1500,0.456,61743,3.1091
56,1500,0.507,61438,3.0937
56,1500,0.559,61903,3.1171
56,1500,0.610,61663,3.1050
56,1500,0.661,61855,3.1147
56,1500,0.713,61390,3.0913
56,1500,0.764,61919,3.1179
56,1500,0.815,61663,3.1050
56,1500,0.866,61903,3.1171
56,1500,0.918,61807,3.1123
56,1500,0.969,62031,3.1236
56,1500,1.020,61807,3.1123
56,1500,1.072,61583,3.1010
56,1500,1.123,61743,3.1091
56,1500,1.174,61999,3.1219
56,1500,1.226,61743,3.1091
56,1500,1.277,61807,3.1123
56,1500,1.328,61839,3.1139
56,1500,1.379,62047,3.1244
56,1500,1.431,61791,3.1115
56,1500,1.482,61791,3.1115
56,1500,1.533,62015,3.1228
56,1500,1.585,61551,3.0994
56,1500,1.636,61759,3.1099
56,1500,1.687,61743,3.1091
56,1500,1.738,61663,3.1050
56,1500,1.789,61919,3.1179
56,1500,1.871,61983,3.1211
56,1500,1.923,61631,3.1034
56,1500,1.975,61823,3.1131
56,1500,2.026,61855,3.1147
56,1500,2.077,61615,3.1026
56,1500,2.128,61519,3.0978
56,1500,2.179,61599,3.1018
56,1500,2.230,61711,3.1074
56,1500,2.281,61999,3.1219
56,1500,2.333,61438,3.0937
56,1500,2.384,61679,3.1058
56,1500,2.435,61503,3.0970
56,1500,2.487,61599,3.1018
56,1500,2.538,61839,3.1139
56,1500,2.589,61999,3.1219
56,1500,2.640,61663,3.1050
56,1500,2.691,61631,3.1034
56,1500,2.742,62127,3.1284
56,1500,2.794,61743,3.1091
56,1500,2.845,61663,3.1050
56,1500,2.896,61519,3.0978
56,1500,2.947,62031,3.1236
56,1500,2.999,61855,3.1147
57,1500,0.000,61775,3.1107
57,1500,0.085,61615,3.1026
57,1500,0.137,61727,3.1082
57,1500,0.188,61983,3.1211
57,1500,0.239,61599,3.1018
57,1500,0.290,61679,3.1058
57,1500,0.342,61839,3.1139
57,1500,0.393,61406,3.0921
57,1500,0.444,61903,3.1171
57,1500,0.495,61967,3.1203
57,1500,0.547,61663,3.1050
57,1500,0.598,61791,3.1115
57,1500,0.649,62159,3.1300
57,1500,0.701,61791,3.1115
57,1500,0.755,61967,3.1203
57,1500,0.807,61743,3.1091
57,1500,0.858,61679,3.1058
57,1500,0.909,61759,3.1099
57,1500,0.960,61727,3.1082
57,1500,1.011,61487,3.0962
57,1500,1.062,62127,3.1284
57,1500,1.113,61599,3.1018
57,1500,1.165,61679,3.1058
57,1500,1.216,62175,3.1308
57,1500,1.267,61743,3.1091
57,1500,1.319,61535,3.0986
57,1500,1.370,61855,3.1147
57,1500,1.421,61647,3.1042
57,1500,1.473,61711,3.1074
57,1500,1.524,62111,3.1276
57,1500,1.575,61358,3.0897
57,1500,1.626,61471,3.0954
57,1500,1.678,61583,3.1010
57,1500,1.729,61743,3.1091
57,1500,1.780,61663,3.1050
57,1500,1.832,61519,3.0978
57,1500,1.883,61743,3.1091
57,1500,1.934,61503,3.0970
57,1500,1.985,61663,3.1050
57,1500,2.036,61711,3.1074
57,1500,2.087,62015,3.1228
57,1500,2.138,61406,3.0921
57,1500,2.189,62111,3.1276
57,1500,2.240,61599,3.1018
57,1500,2.291,61759,3.1099
57,1500,2.343,61855,3.1147
57,1500,2.394,61855,3.1147
57,1500,2.445,61871,3.1155
57,1500,2.497,61535,3.0986
57,1500,2.548,61711,3.1074
57,1500,2.599,61663,3.1050
57,1500,2.651,61775,3.1107
57,1500,2.704,61647,3.1042
57,1500,2.756,62127,3.1284
57,1500,2.807,61967,3.1203
57,1500,2.858,61503,3.0970
57,1500,2.910,61471,3.0954
57,1500,2.961,61967,3.1203
